idade,salario,taxaDeJuros,entrada,precoDoApartamento,tempoDeEmprestimo,gastoMensal,score,statusTrabalhista
32,5000.0,4.2,28000.0,220000.0,15,2000.0,680,Unemployed
30,4000.0,3.9,25000.0,200000.0,25,1500.0,700,Part-Time
35,5500.0,4.5,32000.0,270000.0,20,2200.0,750,Freelancer
25,6000.0,4.0,30000.0,250000.0,30,2500.0,720,Contractor
42,6200.0,4.2,28000.0,230000.0,25,1800.0,680,Consultant
45,7000.0,4.8,35000.0,300000.0,15,2800.0,700,Dancer
35,5500.0,4.5,32000.0,270000.0,20,2200.0,690,Zookeeper
38,5800.0,4.3,30000.0,250000.0,30,2000.0,670,Astronomer
30,4500.0,4.2,25000.0,200000.0,25,1800.0,650,Beekeeper
45,7000.0,4.8,35000.0,300000.0,15,2500.0,720,Circus Performer
25,4000.0,4.5,20000.0,180000.0,20,1500.0,690,Guitarist
28,5500.0,4.0,30000.0,250000.0,30,2000.0,680,Astronaut
35,6000.0,4.2,25000.0,220000.0,25,1800.0,700,Zookeeper
42,7500.0,4.8,35000.0,280000.0,15,2500.0,720,Firefighter
45,8000.0,5.0,40000.0,300000.0,20,3000.0,690,Professional Wrestler
29,5500.0,4.5,30000.0,250000.0,30,2000.0,680,Circus Performer
35,6200.0,4.2,32000.0,260000.0,25,2800.0,700,Zookeeper
42,7500.0,4.8,35000.0,280000.0,15,2500.0,720,Professional Napper
45,8000.0,4.0,40000.0,300000.0,20,3000.0,690,Professional Slacker
28,5500.0,3.8,28000.0,230000.0,30,2500.0,680,Professional Cat Whisperer
35,6000.0,4.5,30000.0,250000.0,25,2700.0,700,Professional Pancake Flipper
32,6200.0,4.2,32000.0,260000.0,25,2800.0,710,Professional Ninja
45,7000.0,4.0,35000.0,290000.0,20,3000.0,720,Professional Bubbleologist
28,5500.0,4.8,25000.0,230000.0,30,2500.0,690,Professional Llama Whisperer
35,7500.0,4.5,30000.0,280000.0,15,3200.0,700,Professional Juggling Acrobat
40,6000.0,4.2,32000.0,270000.0,25,2800.0,710,Professional Potato Peeler
45,6200.0,4.3,28000.0,260000.0,20,3000.0,720,Professional Bubble Wrap Popper
25,5000.0,4.0,25000.0,240000.0,30,2500.0,680,Professional Unicorn Whisperer
35,5500.0,4.1,30000.0,250000.0,15,2700.0,700,Professional Tofu Taster
32,5700.0,4.2,29000.0,255000.0,25,2800.0,710,Professional Llama Groomer
30,6000.0,4.3,28000.0,260000.0,20,2600.0,690,Professional Cheese Sculptor
45,7000.0,4.5,35000.0,300000.0,30,3000.0,720,Professional Bubble Wrap Popper
25,4500.0,3.8,20000.0,180000.0,15,2000.0,680,Professional Pancake Flipper
35,5500.0,4.0,25000.0,230000.0,25,2400.0,700,Professional Jigsaw Puzzle Master
38,6200.0,4.2,30000.0,270000.0,20,2600.0,690,Professional Sock Puppeteer
45,7000.0,4.5,35000.0,320000.0,30,3000.0,720,Professional Bubble Wrap Popper
30,5000.0,3.8,20000.0,200000.0,15,2200.0,680,Professional Chicken Whisperer
55,8000.0,5.0,40000.0,350000.0,25,3500.0,750,Professional Ninja Warrior
35,6000.0,4.0,30000.0,280000.0,20,2500.0,700,Professional Unicorn Trainer
25,4000.0,4.5,15000.0,150000.0,30,1800.0,620,Professional Llama Wrangler
45,7000.0,4.25,35000.0,320000.0,22,3000.0,680,Professional Dragon Tamer
55,8000.0,4.75,40000.0,400000.0,25,3500.0,720,Professional Narwhal Whisperer
35,6000.0,4.0,25000.0,250000.0,28,2500.0,650,Professional Sloth Trainer
40,7500.0,4.5,30000.0,280000.0,30,3200.0,700,Professional Penguin Wrangler
45,7000.0,4.25,35000.0,320000.0,27,3000.0,680,Professional Platypus Trainer
30,5500.0,4.2,20000.0,230000.0,25,2800.0,620,Professional Giraffe Whisperer
35,6000.0,4.0,25000.0,260000.0,28,3100.0,650,Professional Narwhal Trainer
28,4800.0,4.15,18000.0,200000.0,30,2500.0,630,Professional Sloth Wrangler
45,7000.0,4.5,30000.0,320000.0,20,3500.0,680,Professional Penguin Tamer
42,5500.0,4.25,27000.0,280000.0,25,3200.0,660,Professional Llama Groomer
35,6000.0,4.35,25000.0,260000.0,15,3000.0,650,Professional Hedgehog Whisperer
28,4800.0,4.2,20000.0,240000.0,30,2800.0,620,Professional Sloth Trainer
30,5200.0,4.15,22000.0,250000.0,20,3100.0,640,Professional Alpaca Herder
25,5500.0,4.5,23000.0,270000.0,25,3200.0,630,Professional Llama Wrangler
26,5000.0,4.3,21000.0,260000.0,28,2900.0,650,Professional Penguin Tamer
28,4800.0,4.25,20000.0,255000.0,22,3000.0,620,Professional Flamingo Whisperer
30,6000.0,4.0,25000.0,300000.0,30,3500.0,640,Professional Narwhal Trainer
32,5200.0,4.15,22000.0,270000.0,25,3200.0,630,Professional Llama Wrangler
25,5500.0,4.5,18000.0,240000.0,20,2800.0,610,Professional Jellyfish Juggler
28,5800.0,4.25,20000.0,280000.0,28,3300.0,620,Professional Sloth Whisperer
33,5100.0,4.35,23000.0,260000.0,22,3100.0,640,Professional Noodle Sculptor
30,6000.0,4.0,21000.0,300000.0,25,3200.0,630,Professional Unicorn Wrangler
25,5500.0,4.15,18000.0,270000.0,30,3000.0,610,Professional Llama Therapist
28,4800.0,4.25,20000.0,250000.0,20,2800.0,620,Professional Cheese Taster
27,5200.0,4.1,19000.0,280000.0,25,3100.0,625,Professional Pillow Fluffer
26,5000.0,4.2,18500.0,260000.0,28,3200.0,615,Professional Banana Peel Collector
30,4500.0,4.35,22000.0,270000.0,22,2900.0,610,Professional Llama Whisperer
28,4800.0,4.5,20000.0,300000.0,30,3000.0,620,Professional Bubble Wrap Popper
27,5200.0,4.25,19000.0,280000.0,25,3100.0,625,Professional Hula-Hoop Enthusiast
32,5100.0,4.2,23000.0,290000.0,28,3200.0,615,Professional Pancake Flipper
29,5000.0,4.3,21000.0,310000.0,27,3300.0,630,Professional Potato Peeler
30,4900.0,4.15,20000.0,300000.0,30,3400.0,620,Professional Pogo Stick Jumper
28,4800.0,4.5,22000.0,320000.0,25,3500.0,625,Professional Pickle Jar Opener
27,5200.0,4.25,23000.0,330000.0,28,3200.0,640,Professional Pancake Flipper
32,5100.0,4.35,25000.0,310000.0,27,3300.0,630,Professional Pogo Stick Jumper
30,5000.0,4.2,24000.0,340000.0,30,3000.0,635,Professional Pickle Jar Opener
25,4800.0,4.5,20000.0,350000.0,25,2800.0,625,Professional Pineapple Peeler
28,4900.0,4.25,22000.0,320000.0,28,3100.0,640,Professional Pancake Flipper
27,5200.0,4.0,25000.0,330000.0,30,3200.0,630,Professional Penguin Trainer
30,5500.0,4.75,28000.0,380000.0,20,3500.0,620,Professional Pickle Painter
25,4800.0,4.5,20000.0,310000.0,25,3000.0,650,Professional Parrot Whisperer
28,5000.0,4.25,26000.0,350000.0,30,3300.0,640,Professional Penguin Psychologist
29,5200.0,4.8,25000.0,320000.0,15,3200.0,630,Professional Potato Peeler
27,5100.0,4.3,22000.0,330000.0,20,3100.0,645,Professional Pancake Flipper
30,5500.0,4.5,28000.0,370000.0,25,3400.0,655,Professional Pickle Taster
28,5400.0,4.7,26000.0,350000.0,18,3300.0,640,Professional Popcorn Tester
25,5000.0,4.2,20000.0,320000.0,22,3000.0,630,Professional Pillow Fluffer
27,5200.0,4.3,24000.0,340000.0,20,3200.0,645,Professional Pickleball Player
30,5500.0,4.5,28000.0,360000.0,15,3500.0,655,Professional Penguin Trainer
28,4800.0,4.4,22000.0,330000.0,18,3100.0,640,Professional Pancake Flipper
29,5300.0,4.2,25000.0,350000.0,17,3300.0,650,Professional Paragliding Instructor
33,6000.0,4.3,26000.0,370000.0,16,3700.0,645,Professional Pirate Hunter
30,5500.0,4.5,24000.0,360000.0,15,3400.0,655,Professional Penguin Trainer
28,5200.0,4.4,23000.0,340000.0,18,3200.0,660,Professional Cheese Sculptor
25,4800.0,4.2,21000.0,320000.0,20,3000.0,670,Professional Unicorn Wrangler
27,5000.0,4.3,22000.0,350000.0,17,3300.0,665,Professional Llama Groomer
29,5100.0,4.5,24000.0,330000.0,19,3100.0,675,Professional Bubble Wrap Popper
26,4900.0,4.4,23000.0,340000.0,18,3200.0,680,Professional Pillow Fluffer
30,5500.0,4.2,25000.0,360000.0,20,3400.0,670,Professional Sock Collector
28,5200.0,4.3,22000.0,350000.0,17,3000.0,685,Professional Sock Folder
29,5100.0,4.35,24000.0,355000.0,19,3300.0,675,Professional Banana Peeler
31,5800.0,4.25,26000.0,370000.0,18,3200.0,680,Professional Potato Painter
30,5500.0,4.28,25000.0,360000.0,20,3100.0,670,Professional Bubble Wrap Popper
25,4800.0,4.45,22000.0,345000.0,21,3000.0,690,Professional Marshmallow Tester
27,5100.0,4.35,23000.0,355000.0,19,3100.0,675,Professional Banana Peel Analyst
28,5200.0,4.15,24000.0,370000.0,22,3200.0,680,Professional Sock Puppet Designer
30,5500.0,4.25,25000.0,380000.0,20,3300.0,695,Professional Bubble Wrap Popper
29,5400.0,4.45,26000.0,395000.0,21,3400.0,685,Professional Llama Whisperer
27,5100.0,4.35,23000.0,360000.0,23,3100.0,670,Professional Pancake Flipper
28,5200.0,4.15,24000.0,370000.0,22,3200.0,680,Professional Banana Peel Slipper
30,5500.0,4.25,25000.0,380000.0,20,3300.0,675,Professional Unicorn Wrangler
29,5400.0,4.45,26000.0,390000.0,21,3400.0,690,Professional Bubble Wrap Popper
27,5100.0,4.35,23000.0,360000.0,23,3100.0,665,Professional Coconut Climber
25,5200.0,4.15,22000.0,370000.0,22,3200.0,680,Professional Pancake Flipper
26,5500.0,4.25,25000.0,380000.0,20,3300.0,675,Professional Sock Collector
28,4900.0,4.5,24000.0,350000.0,25,3000.0,670,Professional Bubble Wrap Popper
30,4800.0,4.35,23000.0,360000.0,23,3100.0,665,Professional Potato Peeler
32,5200.0,4.75,26000.0,400000.0,30,3200.0,680,Professional Unicorn Whisperer
29,5100.0,4.6,25000.0,380000.0,27,2900.0,675,Professional Bubble Tea Maker
28,5000.0,4.5,24000.0,370000.0,25,3000.0,670,Professional Ninja Trainer
30,4800.0,4.8,23000.0,360000.0,28,3100.0,665,Professional Chocolate Taster
31,4900.0,4.7,22000.0,350000.0,26,3200.0,680,Professional Unicorn Whisperer
29,5100.0,4.6,25000.0,380000.0,27,2900.0,675,Professional Penguin Wrangler
27,5200.0,4.5,24000.0,370000.0,25,3000.0,670,Professional Ninja Trainer
25,4800.0,4.8,20000.0,360000.0,28,3100.0,690,Professional Llama Herder
30,5500.0,4.7,26000.0,390000.0,30,3200.0,680,Professional Unicorn Trainer
28,5100.0,4.6,22000.0,380000.0,27,2900.0,675,Professional Dragon Tamer
27,5200.0,4.9,23000.0,370000.0,29,3000.0,685,Professional Narwhal Whisperer
29,4800.0,4.8,25000.0,400000.0,28,3100.0,670,Professional Yeti Wrangler
30,5500.0,4.7,24000.0,390000.0,25,3200.0,680,Professional Unicorn Trainer
28,5000.0,5.0,22000.0,380000.0,30,2800.0,675,Professional Dragon Tamer
27,5200.0,4.9,23000.0,410000.0,27,3000.0,660,Professional Ninja Chef
32,6000.0,4.8,25000.0,400000.0,28,3500.0,670,Professional Pirate Captain
30,5500.0,4.7,24000.0,390000.0,29,3200.0,680,Professional Time Traveler
28,5400.0,4.6,22000.0,420000.0,26,2800.0,690,Professional Space Explorer
25,5000.0,4.5,20000.0,380000.0,30,3000.0,700,Professional Ninja
26,5100.0,4.8,23000.0,400000.0,28,3100.0,675,Professional Pirate
30,5500.0,4.7,25000.0,450000.0,25,3200.0,680,Professional Unicorn
28,4800.0,4.3,21000.0,420000.0,27,2900.0,695,Professional Mermaid
27,4900.0,4.5,22000.0,430000.0,26,3000.0,690,Professional Ninja
32,6000.0,4.8,26000.0,460000.0,24,3400.0,675,Professional Dragon
30,5500.0,4.2,25000.0,500000.0,25,3200.0,680,Professional Unicorn
29,5200.0,4.3,24000.0,480000.0,25,3200.0,685,Professional Pirate
28,5800.0,4.5,23000.0,490000.0,30,3500.0,670,Professional Ninja
32,6000.0,4.2,26000.0,520000.0,25,3300.0,675,Professional Llama
33,5500.0,4.4,25000.0,510000.0,20,3000.0,680,Professional Space Cowboy
30,6200.0,4.3,24000.0,500000.0,28,3200.0,690,Professional Pirate
28,5800.0,4.1,27000.0,530000.0,22,3100.0,665,Professional Ninja
25,4500.0,4.2,20000.0,480000.0,25,2800.0,700,Professional Astronaut
32,6700.0,4.0,25000.0,520000.0,30,3300.0,675,Professional Llama Farmer
23,5200.0,4.5,23000.0,550000.0,20,2900.0,690,Professional Bubble Wrap Popper
28,6000.0,4.3,22000.0,500000.0,25,3100.0,680,Professional Cheese Taster
27,5800.0,4.2,24000.0,530000.0,28,3200.0,665,Professional Flamingo Wrangler
25,5500.0,4.4,25000.0,520000.0,22,3000.0,675,Professional Bubble Tea Tester
26,5700.0,4.1,23000.0,510000.0,24,3150.0,670,Professional Llama Whisperer
28,5900.0,4.3,26000.0,540000.0,26,3300.0,680,Professional Pancake Flipper
30,6000.0,4.2,24000.0,530000.0,25,3200.0,690,Professional Cloud Gazer
32,6200.0,4.0,25000.0,550000.0,30,3400.0,700,Professional Bubble Popper
35,5700.0,4.5,28000.0,560000.0,28,3500.0,660,Professional Star Gazer
28,5800.0,4.3,26000.0,540000.0,27,3300.0,675,Professional Sand Sculptor
30,6000.0,4.2,27000.0,570000.0,29,3200.0,690,Professional Cloud Watcher
33,6200.0,4.4,25000.0,530000.0,26,3400.0,680,Professional Cheese Taster
29,5900.0,4.5,28000.0,550000.0,28,3100.0,685,Professional Bubble Wrap Popper
28,5800.0,4.3,26000.0,560000.0,27,3300.0,675,Professional Penguin Whisperer
35,6300.0,4.2,27000.0,520000.0,25,3200.0,670,Professional Unicorn Trainer
32,6200.0,4.4,25000.0,540000.0,26,3000.0,680,Professional Coconut Climber
31,6000.0,4.5,28000.0,580000.0,28,3100.0,665,Professional Llama Wrangler
33,6100.0,4.3,26000.0,550000.0,27,3150.0,675,Professional Underwater Basket Weaver
35,6300.0,4.2,27000.0,560000.0,25,3200.0,690,Professional Penguin Trainer
28,6200.0,4.4,25000.0,570000.0,30,3000.0,680,Professional Sandwich Artist
30,6000.0,4.5,28000.0,580000.0,28,3100.0,670,Professional Stunt Double
32,6500.0,4.3,26000.0,590000.0,27,3300.0,700,Professional Dragon Tamer
25,5800.0,4.2,27000.0,600000.0,25,3200.0,690,Professional Cloud Chaser
27,6200.0,4.4,25000.0,570000.0,30,3000.0,680,Professional Ninja
29,6700.0,4.5,28000.0,620000.0,28,3500.0,720,Professional Space Cowboy
26,6000.0,4.3,26000.0,590000.0,27,3300.0,710,Professional Time Traveler
25,5800.0,4.2,24000.0,550000.0,25,3200.0,695,Professional Dragon Tamer
34,7200.0,4.7,30000.0,650000.0,30,3800.0,740,Professional Pirate
28,6200.0,4.5,28000.0,610000.0,28,3500.0,725,Professional Astronaut
30,6500.0,4.3,26000.0,590000.0,27,3400.0,710,Professional Ninja
32,6800.0,4.8,32000.0,670000.0,29,3600.0,730,Professional Magician
29,6300.0,4.6,29000.0,620000.0,28,3550.0,720,Professional Pirate
28,7000.0,4.5,28000.0,650000.0,30,3800.0,725,Professional Astronomer
31,6500.0,4.7,30000.0,640000.0,27,3700.0,725,Professional Juggler
34,7200.0,4.8,31000.0,670000.0,29,3950.0,730,Professional Firewalker
26,6800.0,4.6,29000.0,660000.0,28,3600.0,720,Professional Cheese Taster
29,7000.0,4.5,32000.0,690000.0,30,3800.0,740,Professional Shark Wrestler
30,7500.0,4.7,30000.0,680000.0,27,3700.0,735,Professional Unicorn Whisperer
27,7200.0,4.8,31000.0,670000.0,29,3500.0,725,Professional Dragon Trainer
25,6800.0,4.6,28000.0,700000.0,28,3600.0,730,Professional Monster Hunter
28,7300.0,4.5,29000.0,690000.0,30,3800.0,740,Professional Llama Wrangler
30,8000.0,4.7,32000.0,680000.0,27,3700.0,720,Professional Pirate
26,7500.0,4.8,30000.0,720000.0,29,3500.0,725,Professional Dragon Tamer
32,7800.0,4.6,31000.0,700000.0,28,3600.0,730,Professional Zombie Whisperer
28,8200.0,4.5,33000.0,690000.0,30,3800.0,710,Professional Ninja
30,8000.0,4.7,32000.0,710000.0,29,3700.0,720,Professional Cheese Taster
35,7500.0,4.8,30000.0,720000.0,27,3500.0,740,Professional Llama Whisperer
28,8200.0,4.5,33000.0,690000.0,30,3800.0,710,Professional Magician
32,7800.0,4.6,31000.0,700000.0,28,3600.0,730,Professional Hula Hoop Dancer
29,7200.0,4.7,32000.0,710000.0,29,3700.0,720,Professional Cheese Taster
31,7500.0,4.8,34000.0,720000.0,27,3500.0,725,Professional Llama Trainer
28,7000.0,4.5,30000.0,690000.0,30,3800.0,710,Professional Pirate
30,7300.0,4.6,33000.0,700000.0,28,3600.0,715,Professional Ninja
33,7200.0,4.7,32000.0,710000.0,29,3700.0,720,Professional Juggling Artist
25,6800.0,4.8,28000.0,680000.0,25,3500.0,700,Professional Fire Breather
28,6900.0,4.9,30000.0,690000.0,27,3400.0,725,Professional Cheese Taster
30,7000.0,4.75,31000.0,700000.0,28,3600.0,710,Professional Narwhal Whisperer
27,7200.0,4.85,29000.0,710000.0,26,3300.0,720,Professional Bubble Wrap Popper
29,7100.0,5.0,32000.0,720000.0,29,3500.0,715,Professional Unicorn Wrangler
25,6800.0,4.9,30000.0,730000.0,25,3200.0,700,Professional Pancake Flipper
31,7500.0,4.75,28000.0,700000.0,30,3400.0,725,Professional Pillow Fluffer
27,6900.0,4.8,31000.0,710000.0,28,3300.0,720,Professional Bubble Wrap Popper
29,7200.0,4.85,29000.0,720000.0,27,3500.0,710,Professional Marshmallow Roaster
33,8000.0,4.9,26000.0,730000.0,25,3200.0,700,Professional Sock Puppeteer
25,7100.0,4.75,30000.0,700000.0,30,3400.0,730,Professional Bubble Tea Taster
27,7500.0,4.8,28000.0,710000.0,28,3300.0,720,Professional Llama Whisperer
40,8500.0,4.7,30000.0,750000.0,20,3500.0,680,Professional Underwater Basket Weaver
32,6800.0,4.6,25000.0,720000.0,25,3200.0,700,Professional Penguin Trainer
35,7800.0,4.5,27000.0,730000.0,30,3400.0,690,Professional Tofu Sculptor
37,7200.0,4.8,28000.0,740000.0,22,3300.0,675,Professional Llama Whisperer
28,6500.0,4.7,26000.0,710000.0,28,3100.0,720,Professional Ninja Trainer
30,7000.0,4.6,25000.0,720000.0,25,3200.0,700,Professional Bubble Wrap Popper
35,6800.0,4.5,27000.0,730000.0,24,3400.0,690,Professional Pancake Flipper
33,7200.0,4.8,28000.0,740000.0,27,3300.0,710,Professional Sock Puppeteer
32,7500.0,4.7,26000.0,710000.0,26,3100.0,720,Professional Unicorn Wrangler
28,6900.0,4.6,25000.0,720000.0,25,3200.0,700,Professional Bubble Wrap Popper
29,7100.0,4.9,27000.0,730000.0,28,3400.0,695,Professional Cloud Watcher
30,6800.0,4.8,25500.0,700000.0,27,3300.0,710,Professional Pancake Flipper
32,7200.0,4.7,26000.0,710000.0,26,3500.0,705,Professional Bubble Wrap Popper
28,6900.0,4.6,25000.0,720000.0,25,3200.0,700,Professional Unicorn Whisperer
29,7100.0,4.5,24500.0,730000.0,24,3400.0,695,Professional Coffee Taster
30,7000.0,4.8,25500.0,700000.0,25,3300.0,710,Professional Pillow Fluffer
27,6800.0,4.7,26000.0,710000.0,26,3100.0,705,Professional Marshmallow Roaster
28,6900.0,4.6,25000.0,720000.0,25,3200.0,700,Professional Sock Folder
25,7200.0,4.5,24500.0,730000.0,24,3000.0,715,Professional Bubble Wrap Popper
29,7000.0,4.8,27000.0,700000.0,27,3300.0,710,Professional Pineapple Peeler
30,6800.0,4.7,26000.0,710000.0,26,3100.0,705,Professional Sock Sniffer
27,7500.0,4.6,25500.0,720000.0,25,3200.0,720,Professional Bubble Tea Taste Tester
28,7200.0,4.9,28000.0,730000.0,28,3400.0,715,Professional Coconut Climber
25,7000.0,4.8,27000.0,740000.0,27,3300.0,710,Professional Underwater Basket Weaver
30,8000.0,5.2,30000.0,750000.0,30,3500.0,725,Professional Space Explorer
29,7500.0,5.0,29000.0,760000.0,29,3600.0,720,Professional Penguin Trainer
27,7200.0,4.9,28000.0,730000.0,28,3400.0,715,Professional Cheese Taster
31,8200.0,5.1,32000.0,780000.0,31,3700.0,730,Professional Unicorn Whisperer
30,7800.0,5.2,30000.0,790000.0,30,3500.0,725,Professional Llama Wrangler
29,7500.0,5.0,29000.0,760000.0,29,3600.0,720,Professional Bubbleologist
25,7000.0,5.3,25000.0,750000.0,25,3200.0,710,Professional Pancake Flipper
26,7200.0,5.1,27000.0,780000.0,28,3300.0,715,Professional Cheese Sculptor
30,8000.0,5.2,30000.0,790000.0,30,3500.0,725,Professional Cloud Watcher
28,7500.0,5.0,28000.0,760000.0,27,3400.0,720,Professional Pickle Painter
27,7800.0,5.3,29000.0,800000.0,29,3200.0,730,Professional Bubble Wrap Popper
29,8200.0,5.1,31000.0,780000.0,28,3300.0,728,Professional Pancake Flipper
30,8000.0,5.2,30000.0,790000.0,30,3500.0,725,Professional Sock Sorter
28,7500.0,5.4,28000.0,820000.0,27,3100.0,733,Professional Bubble Wrap Popper
31,7800.0,5.3,29000.0,800000.0,29,3200.0,730,Professional Banana Peel Slippage Tester
29,7700.0,5.1,27000.0,780000.0,28,3300.0,728,Professional Pillow Fluffer
27,7600.0,5.2,30000.0,840000.0,30,3000.0,725,Professional Sock Sorter
33,8000.0,5.0,28000.0,820000.0,30,3500.0,720,Professional Bubble Wrap Popper
31,7800.0,5.3,25000.0,800000.0,29,3200.0,715,Professional Banana Peeler
29,7800.0,5.1,27000.0,830000.0,28,3300.0,710,Professional Bubble Tea Maker
27,7500.0,5.2,26000.0,810000.0,25,3400.0,725,Professional Bubble Wrap Popper
28,7600.0,5.4,28000.0,850000.0,30,3100.0,720,Professional Dinosaur Trainer
30,8000.0,5.3,25000.0,820000.0,27,3200.0,715,Professional Potato Peeler
29,7300.0,5.5,27000.0,830000.0,28,3300.0,710,Professional Unicorn Whisperer
31,7800.0,5.2,26000.0,840000.0,29,3000.0,725,Professional Bubbleologist
32,7500.0,5.4,25500.0,850000.0,30,3100.0,720,Professional Llama Wrangler
27,7000.0,5.6,25000.0,820000.0,27,3200.0,715,Professional Sandwich Artist
29,7300.0,5.3,25700.0,830000.0,28,2900.0,722,Professional Ninja Trainer
35,7800.0,5.2,26500.0,870000.0,25,3000.0,725,Professional Pirate
31,7500.0,5.4,26000.0,850000.0,26,3100.0,720,Professional Llama Wrangler
27,7000.0,5.1,25000.0,810000.0,27,2800.0,718,Professional Penguin Tamer
29,7200.0,5.3,25500.0,830000.0,24,2900.0,722,Professional Ninja
33,7800.0,5.2,27000.0,870000.0,25,3200.0,725,Professional Jellyfish Whisperer
35,7500.0,5.0,28000.0,900000.0,30,3000.0,730,Professional Llama Groomer
31,7000.0,5.1,26000.0,850000.0,28,3100.0,728,Professional Banana Peeler
28,7200.0,4.8,25000.0,820000.0,27,2800.0,720,Professional Bubble Wrap Popper
33,6800.0,4.9,27000.0,880000.0,29,2900.0,725,Professional Sock Sorter
29,7500.0,5.0,28000.0,900000.0,30,3200.0,732,Professional Potato Peeler
25,6800.0,4.7,22000.0,800000.0,28,2700.0,715,Professional Bubble Wrap Popper
28,7200.0,4.8,25000.0,850000.0,27,3000.0,720,Professional Toothpick Counter
27,7000.0,4.9,26000.0,880000.0,29,2800.0,725,Professional Sock Folder
26,7100.0,4.8,23000.0,820000.0,28,2900.0,730,Professional Bubble Wrap Popper
29,7400.0,4.7,27000.0,900000.0,30,3200.0,715,Professional Potato Peeler
28,7200.0,5.0,25000.0,850000.0,27,3000.0,720,Professional Penguin Wrangler
27,7300.0,4.9,24000.0,870000.0,29,3100.0,725,Professional Bubble Tea Maker
30,7500.0,4.8,26000.0,880000.0,28,3300.0,710,Professional Cheese Taster
25,6800.0,4.7,23000.0,830000.0,30,2800.0,715,Professional Llama Groomer
28,7100.0,5.0,25000.0,900000.0,27,3200.0,720,Professional Penguin Trainer
32,7200.0,4.9,24500.0,850000.0,29,3100.0,700,Professional Ninja Master
27,6900.0,4.8,24000.0,870000.0,28,3000.0,710,Professional Pirate Captain
30,7000.0,4.7,23000.0,880000.0,30,3150.0,725,Professional Space Explorer
28,7100.0,5.0,25000.0,900000.0,27,3200.0,720,Professional Dragon Tamer
29,6800.0,4.9,22000.0,850000.0,29,3100.0,715,Professional Ninja
31,7200.0,4.8,24000.0,870000.0,28,3250.0,730,Professional Unicorn Whisperer
26,6900.0,4.7,23000.0,880000.0,30,3150.0,725,Professional Pirate
27,7000.0,4.6,25000.0,900000.0,27,3200.0,720,Professional Space Explorer
29,7100.0,4.9,22000.0,850000.0,29,3300.0,735,Professional Llama Trainer
31,7200.0,4.8,24000.0,870000.0,28,3250.0,730,Professional Ninja
30,6800.0,5.2,26000.0,920000.0,30,3100.0,725,Professional Unicorn Whisperer
32,6900.0,4.7,20000.0,880000.0,27,3200.0,740,Professional Bubbleologist
27,7500.0,4.5,22000.0,850000.0,25,3000.0,720,Professional Llama Wrangler
25,6200.0,4.8,24000.0,900000.0,28,2800.0,730,Professional Cheese Taster
30,7000.0,4.6,21000.0,870000.0,26,3100.0,725,Professional Tofu Sculptor
28,6800.0,4.7,23000.0,880000.0,27,2900.0,722,Professional Bubble Wrap Popper
27,6500.0,4.9,22000.0,920000.0,25,2700.0,735,Professional Unicorn Whisperer
32,7200.0,4.5,20000.0,850000.0,28,3000.0,730,Professional Cheese Grater
30,7000.0,4.8,21000.0,900000.0,26,2800.0,715,Professional Marshmallow Roaster
25,6800.0,4.7,23000.0,880000.0,27,2900.0,720,Professional Bubble Wrap Popper
28,7500.0,4.6,22000.0,870000.0,25,3200.0,725,Professional Sock Puppeteer
27,7200.0,4.9,20000.0,920000.0,30,3000.0,730,Professional Pillow Fluffer
29,6900.0,4.8,25000.0,900000.0,28,3100.0,710,Professional Balloon Artist
32,8000.0,5.2,30000.0,950000.0,20,3500.0,700,Professional Cheese Taster
25,7500.0,5.0,22000.0,930000.0,25,2800.0,720,Professional Bubble Wrap Popper
27,7200.0,4.5,28000.0,880000.0,30,3000.0,730,Professional Penguin Trainer
28,7800.0,4.8,25000.0,920000.0,22,3200.0,710,Professional Unicorn Whisperer
30,8000.0,4.7,30000.0,950000.0,28,3500.0,700,Professional Cheese Taster
26,7500.0,4.6,27000.0,890000.0,25,2800.0,720,Professional Bubble Wrap Popper
27,7600.0,4.9,28000.0,930000.0,24,3000.0,715,Professional Pancake Flipper
28,7800.0,4.8,29000.0,920000.0,26,3200.0,710,Professional Pillow Fluffer
30,8000.0,4.7,30000.0,950000.0,27,3500.0,725,Professional Sock Organizer
29,7500.0,4.5,27000.0,900000.0,25,2800.0,720,Professional Bubble Wrap Popper
31,8200.0,4.9,32000.0,980000.0,28,3800.0,730,Professional Marshmallow Tester
28,7800.0,4.8,29000.0,930000.0,26,3200.0,740,Professional Pillow Fluffer
30,8000.0,4.7,30000.0,950000.0,27,3500.0,725,Professional Cloud Watcher
29,7500.0,5.0,28000.0,900000.0,25,3400.0,720,Professional Potato Peeler
31,8200.0,4.9,31000.0,970000.0,28,3700.0,730,Professional Bubble Wrap Popper
32,7800.0,4.8,29000.0,920000.0,26,3600.0,728,Professional Sand Castle Builder
30,8000.0,4.7,30000.0,950000.0,27,3500.0,725,Professional Sock Puppeteer
27,7500.0,5.0,28000.0,880000.0,25,3400.0,720,Professional Jigsaw Puzzle Solver
25,8200.0,4.9,27000.0,890000.0,28,3800.0,730,Professional Bubble Wrap Popper
29,7800.0,4.8,29000.0,920000.0,26,3600.0,728,Professional Potato Peeler
26,7600.0,4.7,26000.0,900000.0,27,3500.0,725,Professional Unicorn Whisperer
27,8000.0,4.5,28000.0,950000.0,25,3700.0,720,Professional Bubblegum Tester
31,8200.0,4.9,31000.0,980000.0,28,3800.0,732,Professional Pancake Flipper
29,7800.0,4.8,29000.0,930000.0,26,3600.0,728,Professional Star Gazer
25,7500.0,4.7,26000.0,900000.0,30,3500.0,725,Professional Bubble Wrap Popper
27,7600.0,4.85,28000.0,950000.0,29,3700.0,730,Professional Cloud Watcher
31,7200.0,4.9,27000.0,920000.0,28,3400.0,732,Professional Pancake Flipper
29,7800.0,4.75,25000.0,930000.0,27,3600.0,728,Professional Bubble Tea Maker
25,7000.0,4.8,26000.0,910000.0,30,3500.0,725,Professional Unicorn Wrangler
33,7500.0,5.0,28000.0,950000.0,29,3700.0,730,Professional Ninja Chef
27,7300.0,4.9,27000.0,940000.0,28,3550.0,732,Professional Space Explorer
30,7200.0,4.7,25000.0,900000.0,31,3600.0,728,Professional Pirate Captain
35,7800.0,4.8,26000.0,920000.0,30,3800.0,725,Professional Unicorn Wrangler
33,7600.0,4.6,28000.0,960000.0,29,3700.0,730,Professional Ninja Trainer
27,7000.0,4.5,24000.0,880000.0,28,3500.0,720,Professional Chocolate Taster
29,7200.0,4.7,25000.0,900000.0,30,3600.0,715,Professional Llama Groomer
34,7800.0,4.8,30000.0,1000000.0,30,3800.0,725,Professional Bubble Wrap Popper
32,7500.0,4.6,28000.0,920000.0,29,3700.0,730,Professional Banana Peel Collector
31,7400.0,4.9,27000.0,950000.0,28,3650.0,720,Professional Tickle Monster
29,7200.0,4.7,25000.0,880000.0,27,3600.0,715,Professional Unicorn Whisperer
30,7000.0,4.8,26000.0,900000.0,25,3500.0,725,Professional Cheese Sculptor
35,7600.0,4.5,28000.0,970000.0,30,3700.0,730,Professional Bubble Wrap Popper
27,6800.0,4.9,24000.0,850000.0,28,3400.0,720,Professional Marshmallow Roaster
33,7200.0,4.7,25000.0,920000.0,27,3600.0,740,Professional Pillow Fluffer
29,7000.0,4.8,26000.0,900000.0,29,3500.0,725,Professional Yarn Spinner
31,7100.0,4.75,24500.0,870000.0,28,3550.0,730,Professional Bubble Wrap Popper
35,6800.0,4.6,27000.0,950000.0,25,3700.0,720,Professional Sock Sorter
32,7200.0,4.7,25500.0,880000.0,27,3600.0,735,Professional Banana Peel Slipper
33,7000.0,4.8,25000.0,900000.0,26,3650.0,725,Professional Bubble Tea Taster
30,6500.0,4.5,28000.0,920000.0,30,3800.0,710,Professional Penguin Linguist
28,6800.0,4.6,27000.0,850000.0,25,3500.0,720,Professional Unicorn Whisperer
25,7200.0,4.7,26000.0,880000.0,28,3600.0,715,Professional Potato Peeler
33,6200.0,4.8,30000.0,900000.0,30,4000.0,700,Professional Zombie Wrangler
30,6500.0,4.5,28000.0,870000.0,26,3800.0,710,Professional Pancake Flipper
28,6800.0,4.6,27000.0,890000.0,29,3700.0,720,Professional Unicorn Whisperer
25,5500.0,4.7,25000.0,850000.0,28,3500.0,730,Professional Bubble Popper
29,6200.0,4.8,26000.0,880000.0,27,3600.0,740,Professional Toe Wrestler
27,6000.0,4.5,28000.0,900000.0,30,3800.0,710,Professional Pillow Fluffer
26,5800.0,4.6,27000.0,870000.0,29,3700.0,720,Professional Sock Puppeteer
31,6400.0,4.7,25000.0,850000.0,28,3500.0,730,Professional Potato Peeler
29,6200.0,4.8,26000.0,880000.0,31,3600.0,725,Professional Bubble Wrap Popper
27,6000.0,4.5,28000.0,900000.0,30,3800.0,725,Professional Banana Juggler
34,6800.0,4.9,27000.0,920000.0,29,3700.0,720,Professional Sock Folder
28,6300.0,4.7,25000.0,870000.0,30,3500.0,730,Professional Bubble Wrap Popper
30,6500.0,4.8,26000.0,890000.0,28,3600.0,728,Professional Coffee Taster
32,7000.0,4.5,28000.0,950000.0,25,3800.0,725,Professional Pillow Fluffer
29,6200.0,4.9,24000.0,900000.0,27,3400.0,735,Professional Sock Sorter
31,6700.0,4.7,27000.0,920000.0,26,3700.0,732,Professional Bubble Wrap Popper
28,6500.0,4.8,26000.0,930000.0,28,3600.0,730,Professional Banana Peel Slipper
30,6400.0,4.85,25000.0,910000.0,25,3500.0,733,Professional Jigsaw Puzzle Solver
29,6600.0,4.75,26500.0,925000.0,27,3650.0,735,Professional Marshmallow Roaster
27,6200.0,4.9,27000.0,940000.0,30,3700.0,720,Professional Bubble Wrap Popper
25,6800.0,4.7,28000.0,900000.0,26,3600.0,710,Professional Unicorn Whisperer
30,7000.0,4.8,25000.0,920000.0,28,3800.0,730,Professional Rubber Duck Wrangler
28,6500.0,4.6,26000.0,930000.0,29,3500.0,725,Professional Pancake Flipper
26,7200.0,4.5,30000.0,950000.0,30,3700.0,720,Professional Cloud Watcher
32,6800.0,4.7,28000.0,940000.0,27,3600.0,725,Professional Bubble Popper
30,7000.0,4.8,27000.0,920000.0,28,3800.0,730,Professional Sandcastle Builder
28,7500.0,4.6,32000.0,960000.0,29,3500.0,710,Professional Jellyfish Juggler
29,7200.0,4.9,30000.0,980000.0,30,3700.0,720,Professional Pancake Flipper
25,6800.0,4.7,25000.0,900000.0,27,3600.0,700,Professional Bubble Wrap Popper
30,8000.0,4.5,35000.0,1000000.0,28,3800.0,730,Professional Unicorn Whisperer
28,7500.0,4.8,32000.0,950000.0,29,3500.0,710,Professional Cloud Watcher
26,7200.0,4.6,28000.0,980000.0,30,3700.0,720,Professional Space Cadet
25,6800.0,4.3,30000.0,900000.0,27,3600.0,700,Professional Tea Taster
30,8000.0,4.5,35000.0,1000000.0,28,3800.0,725,Professional Unicorn Whisperer
28,7500.0,4.8,32000.0,950000.0,25,3900.0,710,Professional Cheese Connoisseur
27,7200.0,4.6,28000.0,880000.0,26,3700.0,720,Professional Llama Groomer
35,8500.0,4.7,38000.0,1050000.0,30,4000.0,730,Professional Narwhal Wrangler
32,7800.0,4.9,35000.0,990000.0,28,4100.0,725,Professional Penguin Trainer
30,8000.0,4.8,32000.0,950000.0,27,3800.0,740,Professional Dragon Tamer
33,8200.0,4.75,36000.0,1000000.0,29,3900.0,735,Professional Unicorn Whisperer
35,7500.0,5.0,30000.0,920000.0,25,4200.0,705,Professional Narwhal Wrangler
28,7800.0,4.9,34000.0,970000.0,28,3700.0,725,Professional Llama Herder
31,8500.0,4.8,38000.0,980000.0,27,4000.0,715,Professional Sloth Trainer
33,7200.0,4.7,32000.0,900000.0,26,3900.0,710,Professional Alpaca Groomer
29,7600.0,4.6,35000.0,950000.0,29,3800.0,720,Professional Narwhal Whisperer
27,7800.0,4.9,34000.0,920000.0,28,3700.0,725,Professional Llama Wrangler
35,7000.0,4.8,30000.0,880000.0,25,4000.0,700,Professional Penguin Psychologist
32,7200.0,4.7,32000.0,900000.0,27,3900.0,710,Professional Zebra Wrangler
29,7500.0,4.75,33000.0,910000.0,26,3800.0,720,Professional Kangaroo Trainer
30,6800.0,4.85,28000.0,850000.0,28,4100.0,690,Professional Giraffe Whisperer
28,7000.0,4.8,30000.0,880000.0,25,3700.0,705,Professional Sloth Trainer
27,7200.0,4.9,32000.0,900000.0,27,3900.0,710,Professional Unicorn Wrangler
29,7100.0,4.75,29000.0,860000.0,26,3800.0,695,Professional Llama Groomer
30,6800.0,4.7,28000.0,840000.0,24,3600.0,700,Professional Penguin Tamer
28,6900.0,4.8,30000.0,880000.0,25,3700.0,705,Professional Narwhal Whisperer
31,7200.0,4.65,31000.0,900000.0,30,4000.0,690,Professional Platypus Trainer
29,7100.0,4.75,29000.0,860000.0,28,3800.0,695,Professional Sloth Wrangler
32,7000.0,4.7,32000.0,920000.0,27,3900.0,700,Professional Llama Groomer
33,7300.0,4.8,30000.0,880000.0,29,4200.0,685,Professional Narwhal Whisperer
27,6800.0,4.9,27000.0,850000.0,30,3600.0,675,Professional Platypus Trainer
28,6600.0,4.6,28000.0,900000.0,28,3800.0,690,Professional Sloth Wrangler
35,7100.0,4.7,32000.0,870000.0,27,4000.0,680,Professional Penguin Tamer
30,7000.0,4.8,30000.0,880000.0,29,3700.0,685,Professional Llama Whisperer
32,6800.0,4.5,29000.0,890000.0,30,3900.0,675,Professional Giraffe Milker
33,7200.0,4.6,31000.0,900000.0,28,3800.0,670,Professional Sloth Wrangler
28,7500.0,4.7,32000.0,920000.0,27,3600.0,680,Professional Penguin Trainer
29,7000.0,4.8,30000.0,910000.0,29,3700.0,665,Professional Llama Whisperer
35,6800.0,4.5,30000.0,880000.0,30,3500.0,660,Professional Unicorn Trainer
32,7200.0,4.6,31000.0,900000.0,28,3550.0,675,Professional Sloth Wrangler
26,7500.0,4.7,28000.0,920000.0,27,3800.0,670,Professional Penguin Therapist
29,7100.0,4.8,29000.0,850000.0,29,3650.0,680,Professional Narwhal Whisperer
33,7400.0,4.5,30000.0,880000.0,30,3700.0,685,Professional Llama Groomer
28,7200.0,4.6,27000.0,900000.0,28,3750.0,675,Professional Sloth Wrangler
31,7000.0,4.7,28000.0,870000.0,29,3600.0,670,Professional Penguin Trainer
29,7500.0,4.8,32000.0,920000.0,27,3800.0,680,Professional Narwhal Tamer
27,6800.0,4.5,26000.0,880000.0,30,3500.0,665,Professional Llama Whisperer
25,6200.0,4.6,25000.0,850000.0,28,3400.0,690,Professional Chicken Wrangler
30,8000.0,4.7,35000.0,900000.0,25,4000.0,700,Professional Sloth Trainer
28,7000.0,4.8,28000.0,920000.0,27,3700.0,675,Professional Unicorn Whisperer
26,6500.0,4.9,30000.0,880000.0,26,3600.0,680,Professional Llama Herder
29,7200.0,4.75,32000.0,910000.0,28,3800.0,690,Professional Potato Peeler
27,6800.0,4.85,29000.0,900000.0,25,3500.0,685,Professional Monkey Trainer
30,7500.0,4.8,31000.0,920000.0,27,3700.0,695,Professional Cheese Taster
28,7000.0,4.9,30000.0,930000.0,30,3600.0,680,Professional Bubble Wrap Popper
25,6200.0,4.75,27000.0,880000.0,28,3300.0,670,Professional Llama Whisperer
32,7800.0,4.7,32000.0,950000.0,25,3800.0,700,Professional Sandwich Artist
26,6500.0,4.8,28000.0,900000.0,29,3400.0,690,Professional Coffee Taster
30,7000.0,4.85,30000.0,920000.0,27,3600.0,680,Professional Goat Yodeler
28,7200.0,4.75,30000.0,930000.0,28,3500.0,695,Professional Unicorn Wrangler
29,6800.0,4.9,29000.0,910000.0,30,3300.0,700,Professional Llama Whisperer
27,6900.0,4.8,28000.0,900000.0,29,3400.0,690,Professional Pancake Flipper
31,7500.0,5.0,32000.0,950000.0,25,3600.0,705,Professional Turtle Trainer
33,7200.0,4.7,31000.0,880000.0,28,3200.0,695,Professional Unicorn Wrangler
29,6800.0,4.9,30000.0,920000.0,27,3500.0,700,Professional Llama Groomer
35,8000.0,4.8,33000.0,970000.0,30,3800.0,690,Professional Penguin Trainer
26,7500.0,4.6,28000.0,850000.0,25,3000.0,705,Professional Narwhal Wrestler
31,7200.0,4.7,31000.0,900000.0,28,3400.0,695,Professional Octopus Whisperer
29,7800.0,4.9,32000.0,920000.0,27,3600.0,700,Professional Sloth Wrangler
33,8000.0,4.5,30000.0,880000.0,30,3200.0,710,Professional Llama Herder
28,7500.0,4.8,29000.0,910000.0,29,3500.0,705,Professional Penguin Trainer
31,7600.0,4.7,31000.0,900000.0,28,3400.0,695,Professional Cactus Whisperer
29,7200.0,4.6,28000.0,870000.0,31,3300.0,700,Professional Jellyfish Wrangler
30,7350.0,4.75,30000.0,890000.0,30,3200.0,690,Professional Unicorn Whisperer
25,6500.0,4.8,27000.0,850000.0,29,3100.0,675,Professional Llama Herder
27,6800.0,4.9,26000.0,860000.0,28,3200.0,685,Professional Sloth Whisperer
32,7000.0,4.6,28000.0,870000.0,30,3000.0,680,Professional Narwhal Trainer
28,7200.0,5.0,25000.0,880000.0,27,3300.0,670,Professional Penguin Wrangler
25,6500.0,4.8,27000.0,850000.0,29,3100.0,675,Professional Llama Therapist
30,6800.0,4.75,26000.0,860000.0,28,3200.0,660,Professional Giraffe Whisperer
26,7000.0,4.9,24000.0,870000.0,30,3400.0,680,Professional Narwhal Trainer
27,7200.0,4.85,25000.0,880000.0,27,3300.0,670,Professional Sloth Wrangler
25,6500.0,4.8,23000.0,850000.0,29,3100.0,690,Professional Penguin Linguist
28,6800.0,4.75,22000.0,860000.0,28,3200.0,700,Professional Llama Whisperer
29,7000.0,4.9,26000.0,870000.0,30,3400.0,680,Professional Narwhal Trainer
26,7200.0,4.85,25000.0,880000.0,27,3300.0,695,Professional Alpaca Wrangler
31,7500.0,4.8,28000.0,890000.0,29,3500.0,690,Professional Sloth Trainer
27,6800.0,5.0,27000.0,900000.0,28,3200.0,670,Professional Llama Groomer
29,7100.0,4.9,26000.0,870000.0,30,3400.0,680,Professional Narwhal Trainer
33,7200.0,4.7,25000.0,850000.0,27,3300.0,700,Professional Penguin Wrangler
35,7500.0,4.8,28000.0,920000.0,29,3500.0,690,Professional Sloth Trainer
31,6900.0,4.5,27000.0,900000.0,28,3200.0,675,Professional Llama Groomer
28,6800.0,4.6,26000.0,880000.0,26,3100.0,720,Professional Narwhal Trainer
29,7200.0,4.7,27000.0,910000.0,27,3300.0,705,Professional Penguin Wrangler
33,7100.0,4.8,28000.0,920000.0,30,3400.0,690,Professional Sloth Whisperer
27,7000.0,4.5,25000.0,900000.0,25,3200.0,715,Professional Unicorn Trainer
31,7300.0,4.6,26000.0,930000.0,28,3500.0,700,Professional Llama Herder
29,6900.0,4.7,27000.0,910000.0,27,3300.0,705,Professional Pirate Tamer
25,6500.0,4.8,28000.0,920000.0,26,3400.0,710,Professional Ninja Warrior
28,7000.0,4.5,25000.0,900000.0,25,3200.0,720,Professional Space Explorer
31,7200.0,4.6,26000.0,930000.0,28,3500.0,715,Professional Cheese Taster
27,6800.0,4.7,27000.0,910000.0,27,3300.0,725,Professional Penguin Wrangler
29,6900.0,4.8,28000.0,920000.0,26,3400.0,730,Professional Unicorn Trainer
33,7500.0,4.5,25000.0,950000.0,30,3600.0,720,Professional Llama Whisperer
25,7000.0,4.9,26000.0,930000.0,28,3200.0,740,Professional Sloth Trainer
27,7200.0,4.7,27000.0,940000.0,27,3300.0,735,Professional Narwhal Whisperer
30,6800.0,4.8,28000.0,920000.0,29,3400.0,730,Professional Penguin Wrangler
28,6900.0,5.0,25000.0,950000.0,30,3100.0,725,Professional Llama Herder
25,7000.0,4.9,26000.0,930000.0,28,3200.0,720,Professional Sloth Trainer
26,7100.0,4.7,27000.0,940000.0,27,3300.0,725,Professional Narwhal Whisperer
30,7500.0,4.8,28000.0,960000.0,29,3400.0,730,Professional Llama Breeder
28,6800.0,4.6,25000.0,920000.0,30,3100.0,715,Professional Penguin Trainer
29,7000.0,4.9,26000.0,950000.0,28,3200.0,720,Professional Sloth Wrangler
27,7200.0,4.7,27000.0,940000.0,27,3300.0,725,Professional Giraffe Whisperer
31,7500.0,4.8,28000.0,960000.0,29,3400.0,730,Professional Llama Racer
30,6800.0,4.5,25000.0,920000.0,30,3100.0,710,Professional Penguin Trainer
25,7000.0,4.6,26000.0,930000.0,28,3200.0,720,Professional Unicorn Wrangler
29,7200.0,4.7,27000.0,950000.0,27,3300.0,725,Professional Tarantula Keeper
27,7500.0,4.8,28000.0,970000.0,25,3400.0,730,Professional Llama Groomer
28,6800.0,4.5,25000.0,920000.0,30,3100.0,715,Professional Penguin Trainer
30,7000.0,4.6,26000.0,930000.0,28,3200.0,720,Professional Jellyfish Wrangler
29,7200.0,4.7,27000.0,950000.0,27,3300.0,725,Professional Hedgehog Whisperer
27,6900.0,4.8,28000.0,960000.0,29,3400.0,730,Professional Narwhal Trainer
25,6500.0,4.9,25000.0,920000.0,30,3100.0,700,Professional Penguin Tamer
30,6800.0,4.5,26000.0,910000.0,28,3200.0,710,Professional Llama Wrangler
28,7000.0,4.7,27000.0,950000.0,27,3300.0,720,Professional Sloth Whisperer
26,7200.0,4.8,28000.0,930000.0,29,3400.0,730,Professional Giraffe Juggler
35,7500.0,4.6,30000.0,980000.0,30,3500.0,740,Professional Penguin Tamer
32,6800.0,4.5,26000.0,920000.0,28,3200.0,710,Professional Ninja Trainer
28,7000.0,4.7,27000.0,950000.0,27,3300.0,720,Professional Llama Whisperer
30,7200.0,4.8,28000.0,930000.0,29,3400.0,730,Professional Sloth Trainer
35,7500.0,4.9,30000.0,980000.0,30,3500.0,740,Professional Unicorn Wrangler
32,6800.0,4.5,25000.0,920000.0,28,3200.0,710,Professional Penguin Psychologist
33,7000.0,4.7,27000.0,950000.0,27,3300.0,720,Professional Narwhal Whisperer
28,8000.0,4.8,35000.0,1000000.0,25,4000.0,730,Master of Fluffy Clouds
29,7500.0,4.6,30000.0,980000.0,26,3500.0,725,Chief Ice Cream Taster
25,6500.0,4.5,25000.0,900000.0,30,3000.0,710,Professional Bubble Wrap Popper
26,7000.0,4.7,28000.0,950000.0,28,3500.0,720,Banana Peel Collector
31,8200.0,4.8,32000.0,1050000.0,25,4000.0,730,Professional Sock Puppeteer
28,7500.0,4.6,30000.0,980000.0,27,3200.0,725,Professional Pillow Fluffer
29,7800.0,4.9,31000.0,1000000.0,26,3700.0,715,Chief Banana Taster
27,7800.0,4.7,32000.0,1020000.0,30,3500.0,720,Professional Bubble Wrap Popper
30,8000.0,4.8,28000.0,950000.0,25,3000.0,730,Professional Cloud Watcher
28,7500.0,4.5,30000.0,980000.0,28,3200.0,725,Professional Pillow Fluffer
25,8200.0,4.6,35000.0,1050000.0,27,3800.0,710,Professional Slime Tester
26,7800.0,4.7,32000.0,1000000.0,26,3500.0,720,Professional Cloud Whisperer
30,7000.0,4.8,28000.0,950000.0,29,3000.0,730,Professional Sock Collector
28,7500.0,4.9,30000.0,980000.0,28,3200.0,725,Professional Pancake Flipper
27,8200.0,4.5,35000.0,1050000.0,25,3800.0,710,Professional Bubble Wrap Popper
31,6800.0,5.2,25000.0,920000.0,30,2800.0,720,Professional Coffee Taster
30,7000.0,4.7,28000.0,1000000.0,27,3500.0,715,Professional Sock Puppeteer
25,7500.0,4.8,30000.0,950000.0,28,3200.0,700,Professional Chicken Whisperer
28,7200.0,4.5,26000.0,980000.0,25,3000.0,710,Professional Bubble Wrap Popper
27,6800.0,4.6,27000.0,970000.0,26,3300.0,705,Professional Cheese Sculptor
30,8000.0,4.7,35000.0,1000000.0,30,3500.0,720,Professional Llama Groomer
32,7500.0,4.8,30000.0,1050000.0,28,3200.0,715,Professional Pancake Flipper
29,7200.0,4.5,28000.0,980000.0,27,3400.0,710,Professional Bubble Wrap Popper
25,6000.0,4.6,25000.0,950000.0,25,3000.0,700,Professional Jellybean Juggler
27,6800.0,4.7,27000.0,1000000.0,26,3100.0,705,Professional Sock Puppeteer
30,7500.0,4.8,30000.0,1050000.0,28,3500.0,715,Professional Balloon Animal Maker
26,6200.0,4.5,26000.0,980000.0,27,3200.0,710,Professional Bubble Wrap Popper
29,7100.0,4.6,28000.0,1020000.0,25,3300.0,720,Professional Sandcastle Architect
31,8000.0,4.7,32000.0,1100000.0,30,3700.0,725,Professional Unicorn Whisperer
28,6700.0,4.8,27000.0,1000000.0,28,3500.0,715,Professional Bubblegum Sculptor
27,6900.0,4.9,26000.0,980000.0,27,3200.0,730,Professional Cloud Watcher
29,7200.0,4.5,30000.0,1050000.0,29,3600.0,720,Professional Pineapple Juggler
31,8000.0,4.7,28000.0,1100000.0,30,3800.0,725,Professional Llama Whisperer
25,6700.0,4.8,25000.0,950000.0,28,3000.0,740,Professional Bubble Wrap Popper
27,6900.0,4.6,27000.0,1000000.0,25,3400.0,730,Professional Mustard Seed Sorter
28,7200.0,4.9,26000.0,1050000.0,27,3200.0,735,Professional Penguin Tamer
30,8000.0,4.7,30000.0,1100000.0,30,3500.0,720,Professional Sock Puppet Wrangler
29,7500.0,4.8,28000.0,1030000.0,28,3300.0,725,Professional Tofu Sculptor
31,7800.0,4.6,27000.0,1080000.0,29,3400.0,730,Professional Bubble Wrap Popper
32,8200.0,4.5,32000.0,1120000.0,31,3600.0,735,Professional Llama Whisperer
27,7000.0,4.9,25000.0,1000000.0,30,3200.0,720,Professional Cheese Grater
28,7500.0,4.7,26000.0,1050000.0,28,3300.0,725,Professional Sock Collector
29,7300.0,4.8,27000.0,1080000.0,29,3400.0,730,Professional Bubble Wrap Popper
31,7800.0,4.6,28000.0,1100000.0,27,3500.0,735,Professional Potato Chip Taster
30,7600.0,4.5,25000.0,1000000.0,30,3200.0,720,Professional Pillow Fluffer
28,7000.0,4.7,26000.0,1050000.0,28,3300.0,725,Professional Bubble Wrap Popper
29,7200.0,4.8,27000.0,1070000.0,29,3400.0,730,Professional Sock Sorter
31,7800.0,4.6,25500.0,1020000.0,31,3100.0,715,Professional Banana Peel Tester
30,7500.0,4.5,25000.0,1000000.0,30,3200.0,720,Professional Penguin Psychologist
25,7000.0,4.7,22000.0,900000.0,25,3000.0,700,Professional Flamingo Whisperer
28,7200.0,4.8,23000.0,950000.0,28,2900.0,710,Professional Bubble Wrap Popper
32,8000.0,4.6,26000.0,1050000.0,32,3500.0,730,Professional Llama Wrangler
30,7500.0,4.5,25000.0,1000000.0,30,3200.0,720,Professional Penguin Therapist
27,6900.0,4.7,22000.0,920000.0,29,2800.0,700,Professional Cheese Sculptor
33,8200.0,4.8,27000.0,1100000.0,33,3700.0,740,Professional Bubbleologist
28,7200.0,4.6,24000.0,950000.0,31,3000.0,710,Professional Unicorn Whisperer
29,7500.0,4.5,25000.0,1000000.0,30,3200.0,720,Professional Banana Peel Artist
35,7800.0,4.7,26000.0,1050000.0,32,3500.0,730,Professional Llama Groomer
31,7000.0,4.8,23000.0,980000.0,33,2800.0,700,Professional Bubble Wrap Popper
27,7200.0,4.6,24000.0,1020000.0,31,3000.0,710,Professional Sandcastle Architect
29,7500.0,4.9,25000.0,1000000.0,30,3200.0,720,Professional Sock Puppet Wrangler
35,8000.0,4.7,27000.0,1050000.0,32,3500.0,730,Professional Bubblegum Sculptor
32,7300.0,4.8,26000.0,1040000.0,31,3300.0,725,Professional Pineapple Juggler
31,7800.0,4.6,25500.0,1030000.0,29,3400.0,728,Professional Pancake Flipper
28,7500.0,4.5,25000.0,1000000.0,30,3200.0,720,Professional Bubble Wrap Popper
29,7600.0,4.7,25500.0,1020000.0,28,3100.0,722,Professional Unicorn Whisperer
35,8000.0,4.8,26000.0,1050000.0,27,3500.0,735,Professional Cloud Watcher
30,7800.0,4.6,25750.0,1030000.0,29,3300.0,728,Professional Cheese Taster
32,7500.0,4.5,25000.0,1000000.0,30,3200.0,730,Professional Balloon Artist
28,8200.0,4.7,27000.0,1100000.0,28,3600.0,720,Professional Bubble Wrap Popper
29,7900.0,4.8,26000.0,1050000.0,27,3400.0,725,Professional Nose Flute Player
33,7800.0,4.6,25500.0,1020000.0,29,3300.0,728,Professional Sock Puppeteer
30,7500.0,4.5,25000.0,1000000.0,30,3200.0,730,Professional Chicken Translator
28,7600.0,4.7,25500.0,1030000.0,28,3350.0,732,Professional Bubble Wrap Popper
35,8000.0,4.8,26000.0,1050000.0,27,3400.0,725,Professional Potato Peeler
32,7800.0,4.6,25750.0,1020000.0,29,3300.0,728,Professional Unicorn Whisperer
30,7400.0,4.5,25000.0,1000000.0,30,3200.0,730,Professional Banana Slicer
33,7600.0,4.7,25500.0,1030000.0,28,3350.0,732,Professional Cloud Whisperer
28,7000.0,4.8,24000.0,950000.0,25,3100.0,725,Professional Space Explorer
32,7200.0,4.6,24500.0,980000.0,27,3250.0,728,Professional Llama Whisperer
29,7300.0,4.5,25000.0,1000000.0,30,3200.0,730,Professional Penguin Trainer
31,7100.0,4.7,23500.0,970000.0,28,3150.0,732,Professional Cheese Taster
35,6800.0,4.8,22000.0,950000.0,25,3000.0,725,Professional Ninja Trainer
27,7000.0,4.6,24000.0,980000.0,29,3100.0,720,Professional Bubble Wrap Popper
29,7200.0,4.5,23000.0,960000.0,27,3050.0,728,Professional Unicorn Whisperer
30,6500.0,4.7,21000.0,930000.0,28,2900.0,730,Professional Toe Wrestler
26,6800.0,4.8,25000.0,1000000.0,30,3200.0,725,Professional Bubble Tea Connoisseur
27,7000.0,4.6,24000.0,980000.0,29,3000.0,732,Professional Llama Groomer
28,7200.0,4.5,23000.0,950000.0,27,3100.0,728,Professional Cheese Sculptor
30,7500.0,4.7,26000.0,1050000.0,28,3300.0,720,Professional Unicorn Whisperer
29,6800.0,4.8,25000.0,1000000.0,30,3200.0,725,Professional Dinosaur Trainer
32,8000.0,4.6,28000.0,1100000.0,29,3400.0,730,Professional Bubble Wrap Popper
27,7200.0,4.5,27000.0,1080000.0,27,3100.0,710,Professional Pancake Flipper
30,7500.0,4.7,26000.0,1050000.0,28,3300.0,720,Professional Cloud Watcher
25,6800.0,4.8,25000.0,1000000.0,30,3200.0,700,Professional Paper Clip Organizer
28,7000.0,4.6,28000.0,1100000.0,29,3000.0,715,Professional Bubble Wrap Popper
27,7200.0,4.5,27000.0,1080000.0,27,3100.0,710,Professional Pancake Flipper
26,6900.0,4.7,26000.0,1050000.0,28,3150.0,705,Professional Sock Folder
30,7500.0,4.8,30000.0,1200000.0,30,3200.0,720,Professional Bubble Tea Connoisseur
28,7000.0,4.6,28000.0,1100000.0,29,3000.0,715,Professional Unicorn Whisperer
25,6800.0,4.5,25000.0,1000000.0,27,3100.0,710,Professional Cheese Taster
32,7200.0,4.7,29000.0,1150000.0,28,3300.0,725,Professional Llama Whisperer
30,6900.0,4.8,27000.0,1050000.0,30,3200.0,720,Professional Sandwich Artist
28,7000.0,4.6,26000.0,1100000.0,29,3200.0,715,Professional Bubble Wrap Popper
29,7100.0,4.9,28000.0,1200000.0,27,3400.0,730,Professional Coffee Taster
27,6800.0,4.7,25000.0,1150000.0,28,3100.0,725,Professional Cheese Sculptor
30,7500.0,4.8,27000.0,1250000.0,30,3300.0,720,Professional Unicorn Whisperer
25,6900.0,4.5,26000.0,1100000.0,25,3200.0,710,Professional Bubble Wrap Popper
29,7200.0,4.6,25500.0,1200000.0,27,3000.0,730,Professional Llama Whisperer
26,7100.0,4.7,26500.0,1150000.0,28,3100.0,725,Professional Pancake Flipper
27,7000.0,4.8,25000.0,1180000.0,26,3150.0,720,Professional Cloud Watcher
28,7300.0,4.5,26000.0,1250000.0,25,3200.0,735,Professional Bubbleologist
29,7200.0,4.6,27000.0,1200000.0,27,3300.0,730,Professional Llama Whisperer
30,7500.0,4.7,28000.0,1220000.0,28,3400.0,725,Professional Pancake Flipper
31,7400.0,4.8,27000.0,1230000.0,26,3500.0,720,Professional Unicorn Wrangler
32,7000.0,4.5,26000.0,1250000.0,25,3200.0,735,Professional Bubble Wrap Popper
28,8000.0,4.9,30000.0,1200000.0,30,3100.0,730,Professional Cloud Watcher
29,7200.0,4.7,28000.0,1220000.0,28,3300.0,725,Professional Dragon Rider
30,7500.0,4.6,27000.0,1230000.0,27,3250.0,720,Professional Bubble Tea Connoisseur
31,7800.0,4.8,29000.0,1250000.0,29,3200.0,735,Professional Llama Wrangler
27,7000.0,4.9,26000.0,1200000.0,30,3100.0,730,Professional Cactus Whisperer
28,7200.0,4.7,28000.0,1220000.0,28,3150.0,725,Professional Penguin Trainer
33,7600.0,4.5,27000.0,1230000.0,27,3000.0,720,Professional Banana Scientist
31,6900.0,4.8,25000.0,1250000.0,29,3200.0,715,Professional Bubbleologist
30,7000.0,4.6,26000.0,1240000.0,28,3100.0,720,Professional Cactus Wrangler
32,7300.0,4.7,25500.0,1235000.0,28,3100.0,710,Professional Llama Trainer
33,7100.0,4.9,24500.0,1260000.0,30,3300.0,725,Professional Ninja
28,6800.0,4.8,27000.0,1255000.0,29,3200.0,715,Professional Pirate
30,7000.0,5.0,26000.0,1240000.0,27,3000.0,720,Professional Astronaut
35,6900.0,4.7,25000.0,1275000.0,28,3100.0,730,Professional Juggler
32,7200.0,4.9,28000.0,1260000.0,30,3300.0,725,Professional Ninja
28,7500.0,4.8,27000.0,1250000.0,29,3200.0,722,Professional Unicorn
30,7000.0,4.75,26000.0,1240000.0,27,3000.0,728,Professional Pirate
34,6800.0,4.85,25000.0,1230000.0,28,3100.0,730,Professional Astronaut
32,7200.0,4.9,26000.0,1260000.0,30,3100.0,725,Professional Zombie
28,7100.0,4.65,27000.0,1250000.0,29,3200.0,722,Professional Ninja
30,7000.0,4.75,25500.0,1240000.0,27,3150.0,728,Professional Pirate
26,6800.0,4.8,25000.0,1270000.0,28,3000.0,730,Professional Unicorn
27,6900.0,4.7,26000.0,1260000.0,30,3100.0,725,Professional Dragon
29,7200.0,4.9,26500.0,1255000.0,29,3200.0,732,Professional Ninja
28,7000.0,4.5,24000.0,1285000.0,27,3300.0,720,Professional Pirate
30,6800.0,4.8,25000.0,1270000.0,28,3000.0,740,Professional Wizard
31,7500.0,4.7,28000.0,1300000.0,30,3500.0,725,Professional Juggler
29,7200.0,4.6,26000.0,1290000.0,29,3200.0,730,Professional Ninja
33,7000.0,4.9,27000.0,1280000.0,27,3300.0,720,Professional Pirate
28,7100.0,4.8,26500.0,1270000.0,28,3400.0,735,Professional Astronomer
31,6800.0,4.7,25000.0,1300000.0,30,3100.0,725,Professional Juggler
29,7200.0,5.0,28000.0,1250000.0,29,3200.0,730,Professional Beekeeper
27,6900.0,4.9,26000.0,1280000.0,27,3300.0,740,Professional Cheese Taster
33,7000.0,4.8,27000.0,1320000.0,28,3000.0,720,Professional Llama Whisperer
31,7100.0,4.7,25000.0,1300000.0,30,3100.0,725,Professional Chocolate Taster
29,7200.0,4.6,28000.0,1350000.0,29,3200.0,730,Professional Ninja Trainer
35,6800.0,4.9,26000.0,1280000.0,27,2900.0,715,Professional Bubble Wrap Popper
33,6900.0,4.8,27000.0,1320000.0,28,3000.0,720,Professional Unicorn Whisperer
31,7100.0,4.7,27500.0,1330000.0,30,3100.0,725,Professional Potato Peeler
34,7000.0,4.5,25000.0,1300000.0,25,2800.0,730,Professional Marshmallow Roaster
29,6800.0,4.6,26000.0,1310000.0,27,2900.0,715,Professional Rainbow Wrangler
27,6900.0,4.8,27000.0,1320000.0,28,3000.0,720,Professional Bubble Blower
31,7200.0,4.7,24000.0,1350000.0,26,2700.0,725,Professional Unicorn Trainer
30,7000.0,4.5,25000.0,1300000.0,25,2800.0,730,Professional Potato Peeler
29,7100.0,4.6,26000.0,1330000.0,27,2900.0,740,Professional Cloud Watcher
28,6900.0,4.8,23000.0,1370000.0,28,3000.0,720,Professional Pancake Flipper
32,7200.0,4.7,24000.0,1350000.0,26,2700.0,725,Professional Bubble Wrap Popper
30,7000.0,4.5,25000.0,1300000.0,25,2800.0,730,Professional Unicorn Whisperer
29,7100.0,4.6,22000.0,1400000.0,27,3200.0,715,Professional Juggling Enthusiast
28,6800.0,4.8,21000.0,1250000.0,28,3000.0,720,Professional Marshmallow Roaster
32,7300.0,4.7,26000.0,1350000.0,26,2900.0,725,Professional Banana Peel Tester
30,6900.0,4.5,23000.0,1300000.0,25,3100.0,710,Professional Unicorn Whisperer
31,7100.0,4.6,24000.0,1280000.0,27,3200.0,715,Professional Pickle Juggler
28,6800.0,4.8,25000.0,1400000.0,30,3000.0,720,Professional Marshmallow Sculptor
29,7000.0,4.7,22000.0,1350000.0,28,3150.0,725,Professional Bubble Wrap Popper
35,7500.0,4.5,26000.0,1450000.0,25,3500.0,730,Professional Potato Peeler
32,7200.0,4.6,23000.0,1500000.0,27,3200.0,740,Professional Pillow Fluffer
27,6800.0,4.8,25000.0,1400000.0,30,3000.0,720,Professional Sock Sorter
29,7000.0,4.7,24000.0,1470000.0,28,3300.0,725,Professional Bubble Wrap Popper
30,7100.0,4.75,24500.0,1450000.0,29,3100.0,730,Professional Banana Peel Picker
28,6900.0,4.85,26000.0,1420000.0,27,3200.0,710,Professional Nose Flute Player
27,6800.0,4.8,25000.0,1400000.0,30,3000.0,720,Professional Jello Wrestler
29,7200.0,4.9,23000.0,1500000.0,28,3300.0,740,Professional Bubble Wrap Popper
30,7000.0,4.75,27000.0,1450000.0,25,3100.0,730,Professional Cheese Sculptor
28,7100.0,4.85,26000.0,1420000.0,29,3200.0,725,Professional Sand Castle Builder
27,6900.0,4.8,25000.0,1480000.0,27,3400.0,720,Professional Jellyfish Whisperer
25,6800.0,4.9,28000.0,1500000.0,30,3000.0,715,Professional Bubble Wrap Popper
26,7000.0,4.75,27000.0,1450000.0,28,3300.0,730,Professional Pancake Flipper
28,7100.0,4.85,26000.0,1520000.0,29,3200.0,725,Professional Penguin Dancer
27,6900.0,4.8,27500.0,1480000.0,27,3100.0,720,Professional Fire Juggler
25,7200.0,4.9,28000.0,1500000.0,30,3400.0,735,Professional Bubble Wrap Popper
26,7000.0,4.75,27000.0,1550000.0,28,3300.0,730,Professional Marshmallow Roaster
28,7100.0,4.85,26500.0,1520000.0,29,3200.0,725,Professional Balloon Animal Sculptor
27,7300.0,4.8,27500.0,1530000.0,27,3500.0,720,Professional Cheese Sculptor
30,6800.0,4.9,25000.0,1500000.0,30,3000.0,700,Professional Toothpick Artist
25,6900.0,4.75,26000.0,1550000.0,28,3300.0,710,Professional Sandcastle Architect
29,7200.0,4.85,27000.0,1520000.0,29,3200.0,715,Professional Bubble Wrap Popper
27,7100.0,4.8,25500.0,1530000.0,27,3100.0,705,Professional Penguin Whisperer
32,6800.0,4.9,25000.0,1560000.0,30,3400.0,700,Professional Unicorn Wrangler
30,7000.0,4.75,26000.0,1550000.0,28,3300.0,710,Professional Bubble Tea Tester
28,7200.0,4.7,26500.0,1570000.0,29,3200.0,715,Professional Cloud Watcher
31,6900.0,4.8,25500.0,1580000.0,27,3500.0,705,Professional Space Explorer
29,7100.0,4.65,27000.0,1600000.0,30,3400.0,720,Professional Cat Wrangler
27,7000.0,4.75,26000.0,1550000.0,28,3300.0,710,Professional Unicorn Trainer
33,7300.0,4.9,24500.0,1620000.0,25,3200.0,725,Professional Shark Wrestler
35,7200.0,4.8,25000.0,1580000.0,27,3500.0,730,Professional Dragon Tamer
29,6800.0,4.7,27000.0,1600000.0,30,3400.0,715,Professional Ninja Assassin
25,6500.0,5.0,22000.0,1550000.0,20,3000.0,720,Professional Zombie Hunter
32,7000.0,4.9,26000.0,1620000.0,25,3200.0,725,Professional Unicorn Whisperer
27,6700.0,4.8,25000.0,1580000.0,28,3300.0,730,Professional Dragon Trainer
30,7200.0,4.7,24000.0,1600000.0,22,3100.0,715,Professional Space Explorer
35,6800.0,5.0,27000.0,1650000.0,30,3400.0,720,Professional Chocolate Taster
32,6900.0,4.9,26000.0,1620000.0,25,3200.0,725,Professional Unicorn Wrangler
27,6500.0,4.8,25000.0,1580000.0,28,3000.0,730,Professional Bubble Tea Connoisseur
30,7000.0,5.2,28000.0,1700000.0,27,3500.0,715,Professional Llama Groomer
29,7200.0,5.0,27000.0,1650000.0,26,3300.0,720,Professional Ninja Trainer
28,6800.0,4.9,26000.0,1600000.0,27,3200.0,725,Professional Cheese Sculptor
31,6900.0,5.1,27500.0,1680000.0,28,3400.0,710,Professional Ghost Hunter
30,7000.0,5.2,28000.0,1700000.0,29,3500.0,715,Professional Unicorn Whisperer
33,7200.0,5.0,29000.0,1750000.0,30,3600.0,720,Professional Llama Groomer
29,6800.0,5.3,27000.0,1650000.0,27,3300.0,705,Professional Dragon Tamer
31,6900.0,5.1,27500.0,1680000.0,28,3400.0,710,Professional Narwhal Wrangler
35,7500.0,5.2,30000.0,1800000.0,29,3500.0,725,Professional Sloth Trainer
27,7000.0,5.0,25000.0,1600000.0,30,3200.0,720,Professional Penguin Whisperer
29,7200.0,5.3,28000.0,1750000.0,27,3300.0,715,Professional Llama Groomer
32,6800.0,5.1,27000.0,1700000.0,28,3400.0,730,Professional Unicorn Wrangler
30,7500.0,5.2,26000.0,1650000.0,29,3500.0,725,Professional Narwhal Tamer
28,7000.0,5.4,29000.0,1800000.0,26,3200.0,720,Professional Penguin Trainer
29,7200.0,5.3,28000.0,1750000.0,27,3300.0,726,Professional Llama Herder
31,7100.0,5.1,27000.0,1700000.0,28,3400.0,730,Professional Dragon Whisperer
30,6900.0,5.2,30000.0,1850000.0,25,3100.0,725,Professional Unicorn Wrangler
28,7000.0,5.4,26000.0,1600000.0,26,3200.0,720,Professional Yeti Trainer
29,7200.0,5.3,28000.0,1750000.0,27,3300.0,725,Professional Mermaid Trainer
32,7100.0,5.1,27000.0,1700000.0,28,3000.0,730,Professional Dragon Tamer
30,6800.0,5.2,25000.0,1650000.0,25,3100.0,735,Professional Unicorn Whisperer
31,7000.0,5.0,26000.0,1600000.0,26,3200.0,720,Professional Ninja Master
29,7200.0,5.3,28000.0,1750000.0,27,3300.0,725,Professional Pirate Captain
28,7500.0,5.1,27000.0,1700000.0,28,3400.0,730,Professional Space Cowboy
30,6800.0,5.2,25000.0,1650000.0,25,3100.0,710,Professional Time Traveler
32,8000.0,5.0,30000.0,1900000.0,30,3500.0,720,Professional Ninja
25,7200.0,5.3,28000.0,1800000.0,27,3200.0,740,Professional Pirate
28,7500.0,5.1,27000.0,1750000.0,28,3300.0,730,Professional Astronaut
30,6800.0,5.2,25000.0,1600000.0,25,3000.0,710,Professional Unicorn
32,8000.0,5.0,30000.0,1900000.0,30,3500.0,720,Professional Ninja
29,7200.0,5.3,26000.0,1680000.0,27,3200.0,700,Professional Pirate
31,7500.0,5.1,28000.0,1750000.0,28,3300.0,715,Professional Dragon
35,8500.0,5.2,32000.0,2000000.0,25,3700.0,730,Professional Wizard
27,7000.0,5.4,25000.0,1650000.0,26,3100.0,690,Professional Ninja
29,7200.0,5.3,26000.0,1700000.0,27,3400.0,705,Professional Pirate
32,7800.0,5.5,28000.0,1850000.0,28,3500.0,715,Professional Astronaut
30,7500.0,5.7,27000.0,1800000.0,25,3200.0,700,Professional Juggler
27,7000.0,5.2,25000.0,1650000.0,26,3300.0,695,Professional Ninja
35,8000.0,5.3,30000.0,1900000.0,30,3600.0,720,Professional Cheese Taster
33,7800.0,5.5,28000.0,1750000.0,28,3400.0,710,Professional Underwater Basket Weaver
30,7500.0,5.4,27000.0,1800000.0,29,3500.0,705,Professional Unicorn Trainer
28,7200.0,5.6,25000.0,1600000.0,25,3200.0,700,Professional Bubble Wrap Popper
35,8000.0,5.7,30000.0,1900000.0,30,3600.0,720,Professional Cloud Watcher
32,7800.0,5.5,28000.0,1700000.0,28,3400.0,715,Professional Ice Cream Taster
30,7500.0,5.8,27000.0,1800000.0,27,3500.0,710,Professional Pillow Fluffer
28,7600.0,5.6,29000.0,1750000.0,29,3300.0,725,Professional Sloth Wrangler
31,7400.0,5.7,26000.0,1600000.0,30,3200.0,720,Professional Bubble Wrap Popper
29,7300.0,5.5,28000.0,1700000.0,28,3400.0,715,Professional Unicorn Whisperer
27,7800.0,5.8,30000.0,1800000.0,27,3500.0,730,Professional Pancake Flipper
33,7200.0,5.6,25000.0,1650000.0,29,3300.0,725,Professional Tickle Monster
30,7500.0,5.7,27000.0,1750000.0,28,3200.0,720,Professional Bubble Wrap Popper
25,7000.0,5.5,28000.0,1600000.0,30,3000.0,710,Professional Unicorn Whisperer
28,6800.0,5.8,26000.0,1700000.0,27,3100.0,715,Professional Banana Peel Slipper
29,7200.0,5.6,25000.0,1800000.0,25,3300.0,725,Professional Cloud Watcher
27,7100.0,5.7,27000.0,1650000.0,28,3200.0,720,Professional Ice Cream Taster
30,7000.0,5.9,28000.0,1750000.0,26,3000.0,710,Professional Unicorn Whisperer
35,7500.0,5.5,30000.0,1900000.0,30,3500.0,730,Professional Cheese Taster
28,7200.0,5.6,26000.0,1700000.0,29,3100.0,725,Professional Banana Peeler
32,6800.0,6.2,27000.0,1800000.0,28,3200.0,720,Professional Cloud Watcher
30,7000.0,5.8,28000.0,1750000.0,27,3300.0,725,Professional Pillow Fluffer
26,7500.0,5.4,25000.0,1600000.0,30,3000.0,730,Professional Unicorn Wrangler
28,7200.0,5.5,26000.0,1700000.0,29,3100.0,722,Professional Cheese Taster
32,6800.0,5.7,27000.0,1800000.0,28,3200.0,728,Professional Ninja Trainer
30,7000.0,5.6,28000.0,1900000.0,27,3300.0,725,Professional Pancake Flipper
35,7500.0,5.8,25000.0,2000000.0,30,3400.0,720,Professional Bubble Wrap Popper
28,7200.0,5.5,26000.0,1850000.0,29,3100.0,732,Professional Unicorn Whisperer
32,6800.0,5.7,27000.0,1950000.0,28,3200.0,730,Professional Tickle Monster
29,7000.0,5.6,24000.0,1900000.0,25,3300.0,725,Professional Banana Peel Artist
30,7500.0,5.8,25000.0,2000000.0,30,3000.0,720,Professional Bubble Wrap Popper
27,7200.0,5.5,26000.0,1850000.0,26,3100.0,740,Professional Unicorn Wrangler
25,6800.0,5.7,22000.0,1950000.0,28,3200.0,730,Professional Tofu Sculptor
29,7100.0,5.6,24000.0,1900000.0,29,2900.0,725,Professional Bubble Wrap Popper
26,7000.0,5.8,25000.0,1800000.0,27,3000.0,720,Professional Pancake Flipper
28,6900.0,5.9,23000.0,1850000.0,30,3100.0,725,Professional Potato Peeler
33,7200.0,5.5,26000.0,1950000.0,28,2800.0,730,Professional Sock Folder
25,6800.0,5.7,24000.0,1900000.0,29,3200.0,715,Professional Bubble Wrap Popper
30,7100.0,5.8,25000.0,2000000.0,27,3000.0,720,Professional Unicorn Whisperer
28,6900.0,5.6,25500.0,1975000.0,28,2900.0,725,Professional Pancake Flipper
27,7200.0,5.5,23000.0,1950000.0,30,3100.0,730,Professional Pillow Fluffer
25,6500.0,5.7,22000.0,1900000.0,25,2800.0,715,Professional Banana Peel Artist
26,6800.0,5.8,24000.0,2000000.0,26,3000.0,720,Professional Bubble Wrap Popper
28,7000.0,5.6,22500.0,1970000.0,28,2900.0,725,Professional Sandcastle Builder
30,7200.0,5.5,23000.0,1950000.0,30,3100.0,730,Professional Jigsaw Puzzle Solver
27,6900.0,5.7,23500.0,1980000.0,27,2950.0,722,Professional Bubble Wrap Popper
29,7100.0,5.8,22000.0,1965000.0,29,3000.0,728,Professional Unicorn Whisperer
32,7500.0,5.6,25000.0,2000000.0,28,3200.0,725,Professional Tumbleweed Wrangler
28,6800.0,5.9,24000.0,1950000.0,30,3100.0,720,Professional Sock Puppet Wrangler
30,7000.0,5.7,23000.0,1980000.0,27,3050.0,722,Professional Bubble Wrap Popper
26,7200.0,5.8,22000.0,2050000.0,29,3000.0,730,Professional Llama Whisperer
32,7500.0,5.5,25000.0,2100000.0,28,3200.0,710,Professional Cheese Sculptor
27,6800.0,5.6,24000.0,2030000.0,30,3100.0,715,Professional Tornado Chaser
28,7000.0,5.7,23000.0,2070000.0,27,3050.0,720,Professional Cactus Wrangler
25,7200.0,5.4,22000.0,2150000.0,29,3000.0,700,Professional Bubble Wrap Popper
30,6500.0,5.5,25000.0,2100000.0,28,3200.0,710,Professional Penguin Whisperer
27,6900.0,5.6,24000.0,2030000.0,26,3100.0,730,Professional Pancake Flipper
29,6800.0,5.7,23000.0,2200000.0,27,2900.0,720,Professional Cloud Watcher
28,6600.0,5.8,26000.0,2150000.0,25,3000.0,725,Professional Sandcastle Builder
30,7000.0,5.5,25000.0,2100000.0,28,3200.0,740,Professional Bubble Wrap Popper
31,7200.0,5.6,24000.0,2250000.0,26,3100.0,730,Professional Pancake Flipper
29,6800.0,5.7,25500.0,2200000.0,27,3050.0,735,Professional Teacup Collector
28,6900.0,5.8,23000.0,2150000.0,25,3150.0,725,Professional Cheese Taster
30,7000.0,5.5,25000.0,2300000.0,28,3200.0,720,Professional Cat Wrangler
27,7100.0,5.6,24000.0,2250000.0,26,3100.0,730,Professional Candy Wrapper
29,6800.0,5.7,22000.0,2200000.0,27,3125.0,722,Professional Pillow Fluffer
32,7200.0,5.8,26000.0,2350000.0,29,3300.0,725,Professional Nose Picker
26,6900.0,5.5,25000.0,2300000.0,28,3200.0,720,Professional Bubble Wrap Popper
27,7000.0,5.6,24000.0,2250000.0,26,3150.0,718,Professional Sock Sorter
28,7100.0,5.7,25500.0,2400000.0,27,3250.0,722,Professional Pillow Fluffer
29,7200.0,5.8,26000.0,2350000.0,25,3300.0,725,Professional Banana Peeler
30,7300.0,5.9,27000.0,2500000.0,28,3350.0,730,Professional Bubble Wrap Popper
31,7400.0,6.0,28000.0,2450000.0,30,3400.0,735,Professional Sock Sorter
27,7000.0,6.2,25000.0,2400000.0,27,3200.0,720,Professional Potato Peeler
29,7100.0,6.1,26000.0,2475000.0,29,3300.0,725,Professional Bubble Wrap Popper
26,7200.0,6.3,27000.0,2500000.0,28,3500.0,730,Professional Kitten Wrangler
28,6900.0,6.4,28000.0,2550000.0,30,3400.0,735,Professional Pancake Flipper
27,7000.0,6.2,26500.0,2525000.0,29,3200.0,720,Professional Cloud Watcher
25,7500.0,6.5,26000.0,2600000.0,27,3600.0,725,Professional Bubble Wrap Popper
30,7100.0,6.3,27000.0,2575000.0,28,3300.0,730,Professional Sandcastle Builder
28,7200.0,6.4,25500.0,2550000.0,30,3400.0,715,Professional Unicorn Wrangler
26,7300.0,6.2,25000.0,2650000.0,25,3500.0,720,Professional Bubble Tea Taster
32,6900.0,6.5,28000.0,2600000.0,27,3200.0,725,Professional Llama Whisperer
29,7100.0,6.3,26500.0,2700000.0,28,3300.0,730,Professional Pancake Flipper
27,7500.0,6.0,26000.0,2750000.0,30,3600.0,715,Professional Unicorn Wrangler
25,6800.0,6.2,25000.0,2800000.0,29,3100.0,720,Professional Ice Cream Taster
30,6900.0,6.5,27000.0,2900000.0,27,3400.0,725,Professional Cloud Watcher
28,7200.0,6.3,25500.0,2850000.0,28,3200.0,730,Professional Cheese Connoisseur
27,7000.0,6.4,26000.0,2800000.0,30,3300.0,715,Professional Marshmallow Roaster
29,7100.0,6.6,26500.0,2950000.0,25,3500.0,720,Professional Rock Climber
30,7300.0,6.5,25000.0,2900000.0,27,3400.0,725,Professional Underwater Basket Weaver
32,6900.0,6.7,27000.0,3000000.0,28,3200.0,730,Professional Penguin Trainer
28,7200.0,6.8,26000.0,3100000.0,30,3300.0,715,Professional Hula Hoop Artist
29,7000.0,6.6,25500.0,2950000.0,29,3350.0,720,Professional Cheese Sculptor
30,7100.0,6.5,26500.0,3050000.0,27,3250.0,725,Professional Bubble Wrap Popper
27,7300.0,6.7,27000.0,3200000.0,28,3200.0,710,Professional Sock Puppeteer
32,7500.0,6.8,28000.0,3300000.0,30,3400.0,730,Professional Llama Whisperer
28,7000.0,6.6,26000.0,3100000.0,29,3300.0,720,Professional Bubble Wrap Popper
30,7200.0,6.5,25000.0,3000000.0,27,3100.0,725,Professional Cheese Taster
34,8000.0,6.7,30000.0,3400000.0,28,3600.0,740,Professional Sock Puppeteer
26,6800.0,6.8,27000.0,3200000.0,30,3200.0,730,Professional Pillow Fluffer
28,7500.0,6.6,28000.0,3300000.0,29,3400.0,735,Professional Bubble Wrap Popper
30,7200.0,6.5,26000.0,3100000.0,27,3300.0,725,Professional Unicorn Whisperer
29,7000.0,6.7,25000.0,3000000.0,28,3500.0,720,Professional Pancake Flipper
31,7600.0,6.8,27000.0,3200000.0,30,3600.0,730,Professional Cloud Watcher
35,8000.0,6.6,28000.0,3300000.0,25,3400.0,715,Professional Bubbleologist
33,7200.0,6.5,26000.0,3100000.0,27,3550.0,725,Professional Balloon Artist
30,7200.0,6.7,25000.0,3000000.0,28,3500.0,720,Professional Ice Cream Taster
34,7500.0,6.8,27000.0,3200000.0,26,3300.0,730,Professional Cheese Sculptor
28,6800.0,6.3,24000.0,2900000.0,25,3200.0,715,Professional Underwater Basket Weaver
32,7000.0,6.5,26000.0,3100000.0,27,3400.0,725,Professional Pillow Fluffer
30,7200.0,6.7,25000.0,3000000.0,28,3500.0,720,Professional Llama Groomer
29,6900.0,6.4,24500.0,2950000.0,26,3300.0,722,Professional Bubble Wrap Popper
28,7100.0,6.6,25500.0,3050000.0,25,3200.0,730,Professional Funky Sock Collector
31,7000.0,6.5,26000.0,3100000.0,27,3400.0,725,Professional Tofu Sculptor
30,6800.0,6.3,25000.0,3000000.0,28,3100.0,728,Professional Cloud Gazer
29,7200.0,6.7,24500.0,2950000.0,26,3300.0,732,Professional Cheese Connoisseur
33,7100.0,6.4,27000.0,3200000.0,25,3200.0,730,Professional Bubble Wrap Popper
31,6900.0,6.5,26000.0,3100000.0,27,3150.0,725,Professional Unicorn Whisperer
26,6800.0,6.6,25000.0,3000000.0,28,3100.0,720,Professional Sock Puppeteer
29,7200.0,6.7,28000.0,3300000.0,26,3250.0,735,Professional Sandcastle Architect
33,7100.0,6.8,27000.0,3200000.0,25,3200.0,730,Professional Bubble Wrap Popper
28,7000.0,6.5,26000.0,3100000.0,27,3150.0,725,Professional Unicorn Whisperer
31,7300.0,6.6,27500.0,3400000.0,28,3300.0,740,Professional Cheese Sculptor
35,7200.0,6.7,28000.0,3300000.0,26,3250.0,735,Professional Cloud Watcher
30,7100.0,6.8,26500.0,3200000.0,29,3200.0,730,Professional Pancake Flipper
32,7000.0,6.5,27000.0,3500000.0,27,3350.0,745,Professional Bubble Wrap Popper
28,6900.0,6.6,26000.0,3400000.0,28,3100.0,720,Professional Unicorn Wrangler
27,6800.0,6.7,25500.0,3300000.0,30,3000.0,725,Professional Tickle Monster
30,7200.0,6.8,28000.0,3600000.0,25,3200.0,740,Professional Ninja Master
32,7100.0,6.5,27000.0,3500000.0,27,3300.0,730,Professional Pirate Captain
29,6900.0,6.6,26500.0,3400000.0,28,3100.0,735,Professional Space Cowboy
31,7000.0,6.7,27500.0,3550000.0,26,3150.0,725,Professional Time Traveler
35,7200.0,6.4,28000.0,3650000.0,25,3400.0,720,Professional Dragon Tamer
27,6800.0,6.5,26000.0,3300000.0,27,3000.0,730,Professional Ninja
29,6900.0,6.6,27000.0,3450000.0,28,3250.0,728,Professional Space Pirate
31,7100.0,6.7,27500.0,3550000.0,30,3200.0,725,Professional Time Traveler
25,6600.0,6.8,25000.0,3200000.0,25,2800.0,720,Professional Dragon Trainer
27,6800.0,6.5,26000.0,3300000.0,27,3000.0,722,Professional Alien Linguist
29,6900.0,6.6,26500.0,3400000.0,28,2900.0,723,Professional Space Archaeologist
26,6700.0,6.7,25500.0,3250000.0,26,2850.0,725,Professional Time Traveler
31,7000.0,6.8,27000.0,3500000.0,29,3100.0,728,Professional Robot Trainer
27,6800.0,6.5,26000.0,3300000.0,27,2950.0,720,Professional UFO Investigator
29,7200.0,6.6,26500.0,3400000.0,28,3000.0,730,Professional Space Archaeologist
30,7100.0,6.7,27500.0,3600000.0,30,3050.0,725,Professional Cheese Taster
28,7000.0,6.8,27000.0,3500000.0,29,3100.0,728,Professional Penguin Trainer
27,6900.0,6.9,26000.0,3300000.0,27,3200.0,733,Professional Unicorn Whisperer
32,7200.0,6.5,28000.0,3700000.0,28,3000.0,730,Professional Bubble Wrap Popper
33,7100.0,6.7,27500.0,3600000.0,30,3050.0,725,Professional Cloud Watcher
25,6500.0,6.8,25000.0,3200000.0,25,2800.0,720,Professional Rainbow Chaser
28,6800.0,6.9,26500.0,3450000.0,27,2900.0,725,Professional Bubble Wrap Popper
30,7200.0,6.5,28000.0,3700000.0,28,3000.0,730,Professional Marshmallow Roaster
27,7000.0,7.2,26000.0,3300000.0,26,2850.0,715,Professional Pillow Fluffer
29,6900.0,6.8,27000.0,3550000.0,27,2950.0,720,Professional Bubble Tea Taster
25,6800.0,6.2,25000.0,3400000.0,25,2800.0,725,Professional Unicorn Wrangler
30,7200.0,6.5,28000.0,3600000.0,28,3000.0,730,Professional Cheese Sculptor
27,7000.0,6.7,26000.0,3500000.0,26,2900.0,740,Professional Llama Groomer
26,7100.0,6.3,27000.0,3550000.0,27,2850.0,735,Professional Bubble Wrap Popper
29,7300.0,6.4,27500.0,3580000.0,29,2950.0,725,Professional Sand Castle Architect
28,7200.0,6.5,26500.0,3520000.0,28,2925.0,730,Professional Marshmallow Roaster
27,7000.0,6.2,26000.0,3500000.0,30,2800.0,740,Professional Pillow Fluffer
32,7800.0,6.3,28000.0,3650000.0,27,3000.0,720,Professional Bubble Wrap Popper
30,7500.0,6.4,27500.0,3600000.0,29,3100.0,725,Professional Sock Folder
28,7200.0,6.5,26500.0,3550000.0,28,2900.0,730,Professional Banana Peeler
29,7600.0,6.2,27000.0,3700000.0,30,3200.0,715,Professional Bubble Wrap Popper
32,7800.0,6.3,28000.0,3650000.0,29,3000.0,720,Professional Marshmallow Roaster
23,6800.0,6.8,25000.0,3400000.0,27,2700.0,710,Professional Pillow Fluffer
27,7200.0,6.5,26000.0,3550000.0,28,2900.0,725,Professional Bubble Tea Taster
28,7000.0,6.6,27000.0,3500000.0,28,2800.0,715,Professional Unicorn Whisperer
25,6900.0,6.7,25500.0,3450000.0,27,2800.0,720,Professional Coffee Connoisseur
30,7500.0,6.8,28000.0,3600000.0,30,3000.0,730,Professional Penguin Wrangler
32,7200.0,6.5,26000.0,3550000.0,29,2900.0,725,Professional Llama Groomer
28,7100.0,6.6,27000.0,3500000.0,28,2850.0,725,Professional Cheese Taster
35,8000.0,6.7,30000.0,3700000.0,31,3200.0,720,Professional Underwater Basket Weaver
27,6800.0,6.4,25000.0,3600000.0,30,2700.0,730,Professional Ice Cream Taster
32,7500.0,6.5,28000.0,3550000.0,29,3000.0,715,Professional Pillow Fluffer
30,7200.0,6.6,27000.0,3650000.0,30,2900.0,725,Professional Unicorn Whisperer
29,7000.0,6.7,26000.0,3700000.0,31,2800.0,720,Professional Banana Peeler
28,6800.0,6.8,25000.0,3750000.0,32,2700.0,730,Professional Marshmallow Roaster
27,6900.0,6.5,26000.0,3600000.0,29,2800.0,715,Professional Llama Wrangler
30,7200.0,6.6,27000.0,3800000.0,30,2900.0,725,Professional Bubble Wrap Popper
25,6500.0,6.7,24000.0,3700000.0,28,2600.0,720,Professional Pillow Fluffer
26,6700.0,6.8,25000.0,3650000.0,27,2700.0,730,Professional Cheese Sculptor
28,6800.0,6.5,26000.0,3750000.0,29,2800.0,715,Professional Sock Sorter
30,7000.0,6.6,28000.0,3800000.0,30,3000.0,725,Professional Bubble Wrap Popper
25,6500.0,6.7,24000.0,3600000.0,28,2600.0,720,Professional Cloud Watcher
27,6900.0,6.8,25000.0,3700000.0,29,2700.0,710,Professional Pineapple Peeler
28,7200.0,6.5,26000.0,3900000.0,30,2800.0,730,Professional Bubble Wrap Popper
30,7000.0,6.6,28000.0,3800000.0,25,2500.0,725,Professional Pillow Fluffer
29,7100.0,6.7,27000.0,3750000.0,28,2600.0,720,Professional Banana Buncher
27,6900.0,6.8,25000.0,4000000.0,27,2700.0,715,Professional Sock Sorter
25,6800.0,6.5,26000.0,3900000.0,30,2800.0,730,Professional Bubble Wrap Popper
31,7200.0,6.6,28000.0,3800000.0,29,2500.0,725,Professional Paper Clip Straightener
29,7100.0,6.7,27000.0,4100000.0,28,2600.0,720,Professional Pencil Sharpener
27,6900.0,6.8,25000.0,4000000.0,27,2700.0,725,Professional Bubblegum Sculptor
33,7500.0,6.5,30000.0,4200000.0,30,2800.0,730,Professional Sock Organizer
31,7300.0,6.6,28000.0,4300000.0,29,2500.0,715,Professional Sandcastle Architect
29,7100.0,6.7,27000.0,4100000.0,28,2600.0,720,Professional Ice Cream Taster
27,6800.0,6.8,26000.0,4000000.0,27,2700.0,725,Professional Bubble Wrap Popper
33,7500.0,6.5,30000.0,4500000.0,30,2400.0,730,Professional Penguin Wrangler
30,7000.0,6.6,28000.0,4200000.0,29,2500.0,725,Professional Unicorn Whisperer
28,7200.0,6.7,27000.0,4300000.0,28,2600.0,720,Professional Cheese Taster
35,8000.0,6.8,32000.0,5000000.0,31,2700.0,740,Professional Narwhal Trainer
32,7500.0,6.5,30000.0,4800000.0,30,2800.0,730,Professional Bubble Wrap Popper
30,7000.0,6.6,28000.0,4500000.0,29,2500.0,725,Professional Llama Whisperer
28,7200.0,6.7,29000.0,4600000.0,28,2600.0,735,Professional Penguin Masseuse
29,7300.0,6.8,29500.0,4700000.0,27,2700.0,740,Professional Tofu Sculptor
31,6800.0,6.5,27000.0,4400000.0,30,2400.0,720,Professional Tea Leaf Reader
33,7000.0,6.6,28000.0,4500000.0,29,2500.0,725,Professional Unicorn Whisperer
25,6000.0,6.7,25000.0,4200000.0,28,2200.0,730,Professional Pickle Inspector
28,6500.0,6.8,26000.0,4300000.0,27,2300.0,735,Professional Jellybean Juggler
30,7200.0,6.5,29000.0,4600000.0,30,2400.0,740,Professional Bubble Wrap Popper
29,6800.0,6.6,27000.0,4500000.0,29,2350.0,738,Professional Marshmallow Tester
32,7100.0,6.7,28000.0,4400000.0,28,2350.0,732,Professional Pillow Fluffer
28,6900.0,6.4,27500.0,4700000.0,30,2450.0,725,Professional Sock Organizer
27,7000.0,6.5,26000.0,4600000.0,30,2500.0,720,Professional Bubble Wrap Popper
35,7200.0,6.8,30000.0,4500000.0,25,2300.0,740,Professional Banana Peel Slipper
30,6500.0,6.6,28000.0,4800000.0,30,2400.0,730,Professional Jigsaw Puzzle Solver
28,6800.0,6.7,27000.0,4700000.0,28,2200.0,725,Professional Marshmallow Roaster
32,7000.0,6.5,29000.0,4600000.0,27,2500.0,720,Professional Llama Whisperer
29,7200.0,6.8,30000.0,4900000.0,29,2300.0,740,Professional Bubble Wrap Popper
25,6500.0,6.6,25000.0,4800000.0,30,2400.0,730,Professional Sock Collector
28,6800.0,6.7,28000.0,4700000.0,28,2200.0,725,Professional Cheese Sculptor
30,7000.0,6.5,32000.0,5000000.0,30,2500.0,720,Professional Unicorn Whisperer
27,7200.0,6.8,30000.0,4900000.0,25,2300.0,735,Professional Llama Groomer
25,6500.0,6.6,26000.0,4800000.0,27,2100.0,730,Professional Bubble Wrap Popper
28,6800.0,6.7,28000.0,5100000.0,28,2400.0,725,Professional Pancake Flipper
26,7000.0,6.5,27000.0,5000000.0,26,2200.0,720,Professional Sock Puppeteer
27,6700.0,6.8,27000.0,4900000.0,25,2300.0,725,Professional Bubble Tea Taste Tester
29,7200.0,6.6,29000.0,5200000.0,30,2500.0,730,Professional Marshmallow Sculptor
25,6800.0,6.7,28000.0,5100000.0,27,2400.0,715,Professional Pickle Jar Opener
26,6900.0,6.5,26000.0,5000000.0,28,2200.0,720,Professional Sock Puppet Designer
30,7500.0,6.8,30000.0,5300000.0,29,2600.0,725,Professional Bubble Wrap Popper
28,7200.0,6.6,29000.0,5200000.0,30,2500.0,730,Professional Banana Peel Slipper
27,7100.0,6.7,28000.0,5100000.0,27,2300.0,725,Professional Juggling Enthusiast
29,7400.0,6.5,31000.0,5400000.0,28,2700.0,720,Professional Hula Hoop Artist
30,7000.0,6.8,30000.0,5500000.0,25,2600.0,735,Professional Sock Puppeteer
25,6800.0,6.6,25000.0,5200000.0,26,2400.0,730,Professional Cheese Sculptor
27,7200.0,6.3,28000.0,5300000.0,27,2500.0,725,Professional Fire Juggler
28,7100.0,6.5,27000.0,5400000.0,28,2550.0,720,Professional Bubble Wrap Popper
30,7000.0,6.8,26000.0,5500000.0,29,2450.0,735,Professional Unicorn Whisperer
29,6900.0,6.4,27500.0,5200000.0,30,2600.0,730,Professional Pillow Fluffer
31,7200.0,6.7,25000.0,5300000.0,27,2500.0,725,Professional Marshmallow Roaster
28,6800.0,6.5,27000.0,5400000.0,28,2550.0,720,Professional Llama Trainer
30,7000.0,6.6,26000.0,5500000.0,29,2650.0,728,Professional Bubble Wrap Popper
32,7100.0,6.8,24000.0,5200000.0,26,2450.0,730,Professional Penguin Wrangler
34,7200.0,6.7,25000.0,5300000.0,27,2600.0,725,Professional Space Explorer
31,6900.0,6.5,25500.0,5400000.0,28,2550.0,732,Professional Llama Trainer
28,6800.0,6.6,23500.0,5500000.0,25,2500.0,720,Professional Ninja Trainer
29,7100.0,6.8,24000.0,5200000.0,26,2700.0,718,Professional Unicorn Whisperer
33,7200.0,6.7,25000.0,5300000.0,27,2600.0,725,Professional Penguin Trainer
30,7000.0,6.5,24500.0,5400000.0,28,2550.0,722,Professional Llama Groomer
28,6900.0,6.9,23000.0,5100000.0,25,2800.0,720,Professional Narwhal Wrangler
35,7400.0,6.8,26000.0,5500000.0,26,2700.0,730,Professional Sloth Whisperer
32,7200.0,6.7,25000.0,5300000.0,27,2650.0,725,Professional Penguin Trainer
30,7000.0,7.0,24000.0,5200000.0,28,2750.0,740,Professional Llama Groomer
33,7100.0,6.9,25500.0,5400000.0,25,2800.0,735,Professional Narwhal Wrangler
28,6800.0,6.5,23000.0,5000000.0,30,2600.0,730,Professional Platypus Trainer
27,6900.0,6.7,24500.0,5300000.0,27,2700.0,725,Professional Penguin Psychologist
30,7200.0,6.8,25000.0,5200000.0,28,2900.0,720,Professional Llama Linguist
29,7100.0,6.6,24000.0,5100000.0,29,2800.0,725,Professional Narwhal Navigator
28,7000.0,6.5,23000.0,5400000.0,26,2600.0,730,Professional Octopus Optometrist
32,6800.0,6.7,26000.0,5300000.0,27,2700.0,715,Professional Zebra Zoologist
31,7200.0,6.8,25000.0,5200000.0,28,2900.0,720,Professional Kangaroo Keeper
29,7100.0,6.6,24000.0,5500000.0,25,2500.0,725,Professional Giraffe Groomer
30,7000.0,6.5,23000.0,5400000.0,26,2600.0,730,Professional Sloth Trainer
28,6800.0,6.7,22000.0,5300000.0,27,2700.0,715,Professional Llama Wrangler
31,7200.0,6.8,25000.0,5600000.0,24,2800.0,720,Professional Penguin Polisher
29,6900.0,6.6,24000.0,5500000.0,25,2500.0,725,Professional Alpaca Groomer
30,7000.0,6.5,23000.0,5400000.0,26,2600.0,730,Professional Kangaroo Trainer
28,6800.0,6.7,22000.0,5300000.0,27,2700.0,735,Professional Sloth Masseuse
32,7200.0,6.8,25000.0,5600000.0,24,2800.0,740,Professional Llama Wrangler
31,7100.0,6.6,24000.0,5500000.0,25,2650.0,735,Professional Penguin Choreographer
34,6900.0,6.5,23000.0,5400000.0,26,2750.0,730,Professional Tea Leaf Reader
29,6800.0,6.7,22000.0,5300000.0,27,2600.0,725,Professional Jellyfish Trainer
32,7200.0,6.8,25000.0,5600000.0,24,2700.0,740,Professional Llama Wrangler
28,7000.0,6.3,24000.0,5500000.0,25,2500.0,720,Professional Unicorn Whisperer
